"site";"species";"longitude";"latitude";"count";"sla";"n_mass";"wood_dens"
"PA_76856094010538";"acer_pensylvanicum";-78,60508;39,91707;7;25,2665021666667;2,221025493;0,44
"PA_68287127010538";"acer_pensylvanicum";-77,54087;40,35293;2;25,2665021666667;2,221025493;0,44
"PA_76855646010538";"acer_pensylvanicum";-78,30221;40,18796;4;25,2665021666667;2,221025493;0,44
"PA_58581106010538";"acer_pensylvanicum";-79,285696;40,042435;2;25,2665021666667;2,221025493;0,44
"PA_145019955010661";"acer_pensylvanicum";-77,053483;40,371832;3;25,2665021666667;2,221025493;0,44
"PA_10716167010661";"acer_pensylvanicum";-78,30529;41,02784;1;25,2665021666667;2,221025493;0,44
"PA_58581599010538";"acer_pensylvanicum";-76,538343;41,480554;7;25,2665021666667;2,221025493;0,44
"PA_10752222010661";"acer_pensylvanicum";-78,86086;41,13895;2;25,2665021666667;2,221025493;0,44
"PA_10789064010661";"acer_pensylvanicum";-77,83305;41,66673;2;25,2665021666667;2,221025493;0,44
"PA_58581253010538";"acer_pensylvanicum";-76,642307;41,348202;1;25,2665021666667;2,221025493;0,44
"PA_10701544010661";"acer_pensylvanicum";-78,52752;40,61118;2;25,2665021666667;2,221025493;0,44
"PA_10791588010661";"acer_pensylvanicum";-75,99965;40,8612;1;25,2665021666667;2,221025493;0,44
"PA_247104642010661";"acer_pensylvanicum";-78,14265;40,45806;1;25,2665021666667;2,221025493;0,44
"PA_113493313010661";"acer_pensylvanicum";-78,563087;41,675247;5;25,2665021666667;2,221025493;0,44
"PA_122562062010661";"acer_pensylvanicum";-78,30595;40,70657;2;25,2665021666667;2,221025493;0,44
"PA_145020193010661";"acer_pensylvanicum";-77,376197;41,30277;1;25,2665021666667;2,221025493;0,44
"PA_68282270010538";"acer_pensylvanicum";-78,72795;41,89004;1;25,2665021666667;2,221025493;0,44
"PA_145019913010661";"acer_pensylvanicum";-76,642307;41,348202;3;25,2665021666667;2,221025493;0,44
"PA_10789521010661";"acer_pensylvanicum";-77,94416;41,55562;1;25,2665021666667;2,221025493;0,44
"PA_145020191010661";"acer_pensylvanicum";-77,229053;41,531534;19;25,2665021666667;2,221025493;0,44
"PA_76858213010538";"acer_pensylvanicum";-78,22077;40,59888;1;25,2665021666667;2,221025493;0,44
"PA_122562188010661";"acer_pensylvanicum";-78,42257;41,69591;3;25,2665021666667;2,221025493;0,44
"PA_145020159010661";"acer_pensylvanicum";-77,773578;40,035492;9;25,2665021666667;2,221025493;0,44
"PA_10701956010661";"acer_pensylvanicum";-78,69419;40,36119;1;25,2665021666667;2,221025493;0,44
"PA_122562202010661";"acer_pensylvanicum";-78,58333;41,40811;1;25,2665021666667;2,221025493;0,44
"PA_145019949010661";"acer_pensylvanicum";-76,821869;40,440157;1;25,2665021666667;2,221025493;0,44
"PA_145020109010661";"acer_pensylvanicum";-77,266502;41,162615;2;25,2665021666667;2,221025493;0,44
"PA_113493315010661";"acer_pensylvanicum";-78,710916;41,760575;2;25,2665021666667;2,221025493;0,44
"PA_58536922010538";"acer_pensylvanicum";-77,266502;41,162615;2;25,2665021666667;2,221025493;0,44
"PA_145020143010661";"acer_pensylvanicum";-77,730028;40,399634;8;25,2665021666667;2,221025493;0,44
"PA_68282470010538";"acer_pensylvanicum";-78,68389;41,65933;13;25,2665021666667;2,221025493;0,44
"PA_113493291010661";"acer_pensylvanicum";-79,284182;40,065814;5;25,2665021666667;2,221025493;0,44
"PA_145019833010661";"acer_pensylvanicum";-76,502692;40,737173;2;25,2665021666667;2,221025493;0,44
"PA_58182296010538";"acer_pensylvanicum";-78,68389;41,65933;12;25,2665021666667;2,221025493;0,44
"PA_113493319010661";"acer_pensylvanicum";-78,816595;41,591218;1;25,2665021666667;2,221025493;0,44
"PA_58336546010538";"acer_pensylvanicum";-78,58333;41,40811;1;25,2665021666667;2,221025493;0,44
"PA_247104685010661";"acer_pensylvanicum";-77,98364;40,35073;1;25,2665021666667;2,221025493;0,44
"PA_145019993010661";"acer_pensylvanicum";-76,515142;41,87148;2;25,2665021666667;2,221025493;0,44
"PA_10701388010661";"acer_pensylvanicum";-78,77752;40,33341;1;25,2665021666667;2,221025493;0,44
"PA_247104646010661";"acer_pensylvanicum";-78,31236;40,38071;2;25,2665021666667;2,221025493;0,44
"PA_68317387010538";"acer_pensylvanicum";-77,8657;40,99618;2;25,2665021666667;2,221025493;0,44
"PA_145020149010661";"acer_pensylvanicum";-77,695029;40,195373;2;25,2665021666667;2,221025493;0,44
"PA_68282715010538";"acer_pensylvanicum";-78,72012;41,83673;1;25,2665021666667;2,221025493;0,44
"PA_145020005010661";"acer_pensylvanicum";-76,538343;41,480554;7;25,2665021666667;2,221025493;0,44
"PA_68288961010538";"acer_pensylvanicum";-77,83752;41,62124;2;25,2665021666667;2,221025493;0,44
"PA_10701495010661";"acer_pensylvanicum";-78,61086;40,69451;6;25,2665021666667;2,221025493;0,44
"PA_58182523010538";"acer_pensylvanicum";-78,72012;41,83673;1;25,2665021666667;2,221025493;0,44
"PA_247104700010661";"acer_pensylvanicum";-76,92617;41,89777;1;25,2665021666667;2,221025493;0,44
"PA_113492905010661";"acer_pensylvanicum";-77,663151;40,553421;1;25,2665021666667;2,221025493;0,44
"PA_145020151010661";"acer_pensylvanicum";-77,795239;40,28634;3;25,2665021666667;2,221025493;0,44
"PA_222095242010661";"acer_pensylvanicum";-78,99273;40,37044;5;25,2665021666667;2,221025493;0,44
"PA_10700506010661";"acer_pensylvanicum";-78,66641;40,27785;3;25,2665021666667;2,221025493;0,44
"PA_76859256010538";"acer_pensylvanicum";-76,6183;41,87535;2;25,2665021666667;2,221025493;0,44
"PA_10794640010661";"acer_pensylvanicum";-79,38865;39,86119;1;25,2665021666667;2,221025493;0,44
"PA_247104705010661";"acer_pensylvanicum";-76,96627;41,58877;3;25,2665021666667;2,221025493;0,44
"PA_222095272010661";"acer_pensylvanicum";-78,13441;41,96076;1;25,2665021666667;2,221025493;0,44
"PA_10717536010661";"acer_pensylvanicum";-77,47193;41,0834;3;25,2665021666667;2,221025493;0,44
"PA_10692419010661";"acer_pensylvanicum";-78,36085;40,38896;1;25,2665021666667;2,221025493;0,44
"PA_222095124010661";"acer_pensylvanicum";-78,85434;41,94056;2;25,2665021666667;2,221025493;0,44
"PA_247104617010661";"acer_pensylvanicum";-78,30595;40,70657;2;25,2665021666667;2,221025493;0,44
"PA_113492909010661";"acer_pensylvanicum";-77,854254;40,536485;2;25,2665021666667;2,221025493;0,44
"PA_68311143010538";"acer_pensylvanicum";-76,64031;41,59252;12;25,2665021666667;2,221025493;0,44
"PA_68282881010538";"acer_pensylvanicum";-78,64613;41,74729;5;25,2665021666667;2,221025493;0,44
"PA_58539772010538";"acer_pensylvanicum";-76,821869;40,440157;1;25,2665021666667;2,221025493;0,44
"PA_10798897010661";"acer_pensylvanicum";-76,52745;41,4723;1;25,2665021666667;2,221025493;0,44
"PA_76864652010538";"acer_pensylvanicum";-78,09378;40,82739;2;25,2665021666667;2,221025493;0,44
"PA_222095486010661";"acer_pensylvanicum";-78,19648;40,66043;1;25,2665021666667;2,221025493;0,44
"PA_222095502010661";"acer_pensylvanicum";-78,30221;40,18796;2;25,2665021666667;2,221025493;0,44
"PA_113492503010661";"acer_pensylvanicum";-76,216575;41,607003;3;25,2665021666667;2,221025493;0,44
"PA_10717577010661";"acer_pensylvanicum";-77,41637;41,02785;1;25,2665021666667;2,221025493;0,44
"PA_10692473010661";"acer_pensylvanicum";-78,27751;40,55562;1;25,2665021666667;2,221025493;0,44
"PA_10713665010661";"acer_pensylvanicum";-78,49974;40,83339;1;25,2665021666667;2,221025493;0,44
"PA_58182743010538";"acer_pensylvanicum";-78,7949;41,74227;2;25,2665021666667;2,221025493;0,44
"PA_10788605010661";"acer_pensylvanicum";-77,66638;41,66674;5;25,2665021666667;2,221025493;0,44
"PA_113494005010661";"acer_pensylvanicum";-78,492829;39,977382;1;25,2665021666667;2,221025493;0,44
"PA_10796901010661";"acer_pensylvanicum";-79,16642;39,83341;2;25,2665021666667;2,221025493;0,44
"PA_122562080010661";"acer_pensylvanicum";-78,47423;40,39256;1;25,2665021666667;2,221025493;0,44
"PA_113492913010661";"acer_pensylvanicum";-77,902098;40,386062;1;25,2665021666667;2,221025493;0,44
"PA_68280140010538";"acer_pensylvanicum";-76,88071;41,47882;1;25,2665021666667;2,221025493;0,44
"PA_68282954010538";"acer_pensylvanicum";-78,7949;41,74227;3;25,2665021666667;2,221025493;0,44
"PA_68289345010538";"acer_pensylvanicum";-77,82581;41,68362;3;25,2665021666667;2,221025493;0,44
"PA_76864918010538";"acer_pensylvanicum";-77,32039;40,98946;1;25,2665021666667;2,221025493;0,44
"PA_222095516010661";"acer_pensylvanicum";-78,60508;39,91707;1;25,2665021666667;2,221025493;0,44
"PA_58310743010538";"acer_pensylvanicum";-77,51961;40,56655;4;25,2665021666667;2,221025493;0,44
"PA_113492325010661";"acer_pensylvanicum";-75,390171;41,447768;7;25,2665021666667;2,221025493;0,44
"PA_122562082010661";"acer_pensylvanicum";-78,52034;40,31027;3;25,2665021666667;2,221025493;0,44
"PA_122562156010661";"acer_pensylvanicum";-78,83852;40,32939;2;25,2665021666667;2,221025493;0,44
"PA_222095230010661";"acer_pensylvanicum";-78,88391;40,62176;1;25,2665021666667;2,221025493;0,44
"PA_222095490010661";"acer_pensylvanicum";-78,22077;40,59888;1;25,2665021666667;2,221025493;0,44
"PA_10792086010661";"acer_pensylvanicum";-76,36078;40,75009;1;25,2665021666667;2,221025493;0,44
"PA_113492511010661";"acer_pensylvanicum";-76,116867;41,36543;6;25,2665021666667;2,221025493;0,44
"PA_145020091010661";"acer_pensylvanicum";-76,95474;41,446944;2;25,2665021666667;2,221025493;0,44
"PA_122562286010661";"acer_pensylvanicum";-78,89666;41,81873;4;25,2665021666667;2,221025493;0,44
"PA_247104738010661";"acer_pensylvanicum";-77,26945;40,70988;2;25,2665021666667;2,221025493;0,44
"PA_113492331010661";"acer_pensylvanicum";-75,532761;41,253171;2;25,2665021666667;2,221025493;0,44
"PA_222095526010661";"acer_pensylvanicum";-77,636833;41,653904;1;25,2665021666667;2,221025493;0,44
"PA_10805460010661";"acer_pensylvanicum";-77,05525;41,69452;4;25,2665021666667;2,221025493;0,44
"PA_145020101010661";"acer_pensylvanicum";-77,244342;41,243821;3;25,2665021666667;2,221025493;0,44
"PA_10714266010661";"acer_pensylvanicum";-78,52752;40,86117;1;25,2665021666667;2,221025493;0,44
"PA_10799204010661";"acer_pensylvanicum";-76,44411;41,41674;3;25,2665021666667;2,221025493;0,44
"PA_122562170010661";"acer_pensylvanicum";-79,29045;39,81992;5;25,2665021666667;2,221025493;0,44
"PA_76865298010538";"acer_pensylvanicum";-77,52917;40,9374;2;25,2665021666667;2,221025493;0,44
"PA_58315937010538";"acer_pensylvanicum";-76,7968;41,53346;4;25,2665021666667;2,221025493;0,44
"PA_145021337010661";"acer_pensylvanicum";-78,368547;40,139786;3;25,2665021666667;2,221025493;0,44
"PA_222095306010661";"acer_pensylvanicum";-78,64591;41,3862;2;25,2665021666667;2,221025493;0,44
"PA_58244080010538";"acer_pensylvanicum";-78,03754;40,62689;1;25,2665021666667;2,221025493;0,44
"PA_10692037010661";"acer_pensylvanicum";-78,4164;40,55562;6;25,2665021666667;2,221025493;0,44
"PA_68308403010538";"acer_pensylvanicum";-78,67712;40,1754;1;25,2665021666667;2,221025493;0,44
"PA_68318937010538";"acer_pensylvanicum";-75,50947;41,99365;9;25,2665021666667;2,221025493;0,44
"PA_122562404010661";"acer_pensylvanicum";-79,11191;41,67137;1;25,2665021666667;2,221025493;0,44
"PA_68311832010538";"acer_pensylvanicum";-76,24639;41,66496;3;25,2665021666667;2,221025493;0,44
"PA_145020475010661";"acer_pensylvanicum";-78,466536;41,216938;9;25,2665021666667;2,221025493;0,44
"PA_247104641010661";"acer_pensylvanicum";-78,24564;40,51892;7;25,2665021666667;2,221025493;0,44
"PA_247104744010661";"acer_pensylvanicum";-77,532225;40,572654;10;25,2665021666667;2,221025493;0,44
"PA_10797465010661";"acer_pensylvanicum";-79,16642;40,08341;2;25,2665021666667;2,221025493;0,44
"PA_10799270010661";"acer_pensylvanicum";-76,41633;41,36119;14;25,2665021666667;2,221025493;0,44
"PA_122562182010661";"acer_pensylvanicum";-78,24671;41,69899;1;25,2665021666667;2,221025493;0,44
"PA_58316256010538";"acer_pensylvanicum";-76,94129;41,54785;5;25,2665021666667;2,221025493;0,44
"PA_10797859010661";"acer_pensylvanicum";-76,69412;41,50008;1;25,2665021666667;2,221025493;0,44
"PA_247104634010661";"acer_pensylvanicum";-77,76954;41,65477;1;25,2665021666667;2,221025493;0,44
"PA_58311258010538";"acer_pensylvanicum";-77,56476;40,50716;4;25,2665021666667;2,221025493;0,44
"PA_247104745010661";"acer_pensylvanicum";-77,56476;40,50716;2;25,2665021666667;2,221025493;0,44
"PA_58247931010538";"acer_pensylvanicum";-77,45297;40,46019;1;25,2665021666667;2,221025493;0,44
"PA_122561620010661";"acer_pensylvanicum";-76,98559;40,31247;2;25,2665021666667;2,221025493;0,44
"PA_145021253010661";"acer_pensylvanicum";-78,733988;40,690076;2;25,2665021666667;2,221025493;0,44
"PA_247104674010661";"acer_pensylvanicum";-77,32525;41,80429;3;25,2665021666667;2,221025493;0,44
"PA_122562428010661";"acer_pensylvanicum";-79,51434;40,97817;2;25,2665021666667;2,221025493;0,44
"PA_58259412010538";"acer_pensylvanicum";-77,25201;40,52077;2;25,2665021666667;2,221025493;0,44
"PA_222095286010661";"acer_pensylvanicum";-78,55722;41,83456;1;25,2665021666667;2,221025493;0,44
"PA_145020483010661";"acer_pensylvanicum";-78,449139;40,933821;6;25,2665021666667;2,221025493;0,44
"PA_58559143010538";"acer_pensylvanicum";-77,695029;40,195373;2;25,2665021666667;2,221025493;0,44
"PA_122561238010661";"acer_pensylvanicum";-75,09335;41,71042;3;25,2665021666667;2,221025493;0,44
"PA_10814517010661";"acer_pensylvanicum";-79,19421;41,66673;9;25,2665021666667;2,221025493;0,44
"PA_222095540010661";"acer_pensylvanicum";-77,60931;41,33106;2;25,2665021666667;2,221025493;0,44
"PA_68279514010538";"acer_pensylvanicum";-77,26483;41,40329;1;25,2665021666667;2,221025493;0,44
"PA_68320660010538";"acer_pensylvanicum";-76,96259;41,63968;26;25,2665021666667;2,221025493;0,44
"PA_10700309010661";"acer_pensylvanicum";-78,72196;40,50007;3;25,2665021666667;2,221025493;0,44
"PA_76852556010538";"acer_pensylvanicum";-78,31794;41,04244;1;25,2665021666667;2,221025493;0,44
"PA_145021255010661";"acer_pensylvanicum";-78,919232;40,382562;5;25,2665021666667;2,221025493;0,44
"PA_10799841010661";"acer_pensylvanicum";-75,86075;41,9723;5;25,2665021666667;2,221025493;0,44
"PA_113492701010661";"acer_pensylvanicum";-76,857305;41,33195;1;25,2665021666667;2,221025493;0,44
"PA_68286000010538";"acer_pensylvanicum";-76,4493;40,7543;1;25,2665021666667;2,221025493;0,44
"PA_10811034010661";"acer_pensylvanicum";-79,05532;41,77784;8;25,2665021666667;2,221025493;0,44
"PA_247104751010661";"acer_pensylvanicum";-77,68448;40,27981;1;25,2665021666667;2,221025493;0,44
"PA_168997568010661";"acer_pensylvanicum";-77,91295;40,29935;1;25,2665021666667;2,221025493;0,44
"PA_58340277010538";"acer_pensylvanicum";-79,51434;40,97817;2;25,2665021666667;2,221025493;0,44
"PA_247104757010661";"acer_pensylvanicum";-77,73248;40,07539;4;25,2665021666667;2,221025493;0,44
"PA_145021261010661";"acer_pensylvanicum";-78,570138;41,949307;5;25,2665021666667;2,221025493;0,44
"PA_222095302010661";"acer_pensylvanicum";-78,47375;41,37033;2;25,2665021666667;2,221025493;0,44
"PA_58561295010538";"acer_pensylvanicum";-77,795239;40,28634;2;25,2665021666667;2,221025493;0,44
"PA_168997682010661";"acer_pensylvanicum";-77,82581;41,68362;4;25,2665021666667;2,221025493;0,44
"PA_247104770010661";"acer_pensylvanicum";-76,94129;41,54785;3;25,2665021666667;2,221025493;0,44
"PA_76870509010538";"acer_pensylvanicum";-77,25201;40,52077;4;25,2665021666667;2,221025493;0,44
"PA_113492379010661";"acer_pensylvanicum";-75,681489;41,886916;1;25,2665021666667;2,221025493;0,44
"PA_58546543010538";"acer_pensylvanicum";-78,50955;40,521548;2;25,2665021666667;2,221025493;0,44
"PA_113492945010661";"acer_pensylvanicum";-77,378396;41,974073;1;25,2665021666667;2,221025493;0,44
"PA_222095344010661";"acer_pensylvanicum";-78,74509;40,22234;3;25,2665021666667;2,221025493;0,44
"PA_247104526010661";"acer_pensylvanicum";-79,37134;39,97695;1;25,2665021666667;2,221025493;0,44
"PA_168997688010661";"acer_pensylvanicum";-77,83752;41,62124;8;25,2665021666667;2,221025493;0,44
"PA_58564307010538";"acer_pensylvanicum";-77,730028;40,399634;3;25,2665021666667;2,221025493;0,44
"PA_68321426010538";"acer_pensylvanicum";-77,38051;41,81178;1;25,2665021666667;2,221025493;0,44
"PA_68275159010538";"acer_pensylvanicum";-77,72053;40,37781;1;25,2665021666667;2,221025493;0,44
"PA_168997528010661";"acer_pensylvanicum";-77,40067;41,20474;2;25,2665021666667;2,221025493;0,44
"PA_58317861010538";"acer_pensylvanicum";-78,51108;41,90722;1;25,2665021666667;2,221025493;0,44
"PA_58543351010538";"acer_pensylvanicum";-78,368547;40,139786;3;25,2665021666667;2,221025493;0,44
"PA_10806528010661";"acer_pensylvanicum";-76,94413;41,05564;2;25,2665021666667;2,221025493;0,44
"PA_168997192010661";"acer_pensylvanicum";-76,4493;40,7543;1;25,2665021666667;2,221025493;0,44
"PA_10688975010661";"acer_pensylvanicum";-78,36085;40,08341;14;25,2665021666667;2,221025493;0,44
"PA_122561668010661";"acer_pensylvanicum";-76,7968;41,53346;7;25,2665021666667;2,221025493;0,44
"PA_247104566010661";"acer_pensylvanicum";-78,83852;40,32939;1;25,2665021666667;2,221025493;0,44
"PA_68321488010538";"acer_pensylvanicum";-77,42494;41,74618;5;25,2665021666667;2,221025493;0,44
"PA_58547562010538";"acer_pensylvanicum";-76,515142;41,87148;1;25,2665021666667;2,221025493;0,44
"PA_113493239010661";"acer_pensylvanicum";-78,210907;41,95505;2;25,2665021666667;2,221025493;0,44
"PA_145020519010661";"acer_pensylvanicum";-79,208147;39,724369;1;25,2665021666667;2,221025493;0,44
"PA_58317974010538";"acer_pensylvanicum";-78,24671;41,69899;1;25,2665021666667;2,221025493;0,44
"PA_247105172010661";"acer_pensylvanicum";-78,963738;41,512422;1;25,2665021666667;2,221025493;0,44
"PA_222095582010661";"acer_pensylvanicum";-77,65558;40,70436;3;25,2665021666667;2,221025493;0,44
"PA_145020627010661";"acer_pensylvanicum";-78,658487;41,758863;1;25,2665021666667;2,221025493;0,44
"PA_168997532010661";"acer_pensylvanicum";-77,56217;41,21904;3;25,2665021666667;2,221025493;0,44
"PA_247104492010661";"acer_pensylvanicum";-78,58236;41,77705;1;25,2665021666667;2,221025493;0,44
"PA_247105173010661";"acer_pensylvanicum";-79,111213;41,504596;3;25,2665021666667;2,221025493;0,44
"PA_10807038010661";"acer_pensylvanicum";-77,13858;40,9723;1;25,2665021666667;2,221025493;0,44
"PA_222095588010661";"acer_pensylvanicum";-77,74448;40,55336;1;25,2665021666667;2,221025493;0,44
"PA_247104537010661";"acer_pensylvanicum";-78,42257;41,69591;4;25,2665021666667;2,221025493;0,44
"PA_145021187010661";"acer_pensylvanicum";-77,444985;40,925589;1;25,2665021666667;2,221025493;0,44
"PA_76870802010538";"acer_pensylvanicum";-77,05361;40,53404;2;25,2665021666667;2,221025493;0,44
"PA_58564551010538";"acer_pensylvanicum";-75,464915;41,283962;3;25,2665021666667;2,221025493;0,44
"PA_113493243010661";"acer_pensylvanicum";-78,31417;41,804027;1;25,2665021666667;2,221025493;0,44
"PA_145020525010661";"acer_pensylvanicum";-78,41446;41,903637;3;25,2665021666667;2,221025493;0,44
"PA_58534021010538";"acer_pensylvanicum";-79,180813;40,190067;1;25,2665021666667;2,221025493;0,44
"PA_247104844010661";"acer_pensylvanicum";-76,98559;40,31247;2;25,2665021666667;2,221025493;0,44
"PA_58194759010538";"acer_pensylvanicum";-76,41601;41,36635;3;25,2665021666667;2,221025493;0,44
"PA_222095378010661";"acer_pensylvanicum";-77,9242;41,72896;2;25,2665021666667;2,221025493;0,44
"PA_222095408010661";"acer_pensylvanicum";-78,40328;41,20504;6;25,2665021666667;2,221025493;0,44
"PA_58294938010538";"acer_pensylvanicum";-76,96627;41,58877;3;25,2665021666667;2,221025493;0,44
"PA_113492979010661";"acer_pensylvanicum";-77,696102;41,362212;1;25,2665021666667;2,221025493;0,44
"PA_168997330010661";"acer_pensylvanicum";-76,64031;41,59252;11;25,2665021666667;2,221025493;0,44
"PA_168997608010661";"acer_pensylvanicum";-77,42494;41,74618;4;25,2665021666667;2,221025493;0,44
"PA_58292044010538";"acer_pensylvanicum";-79,29045;39,81992;5;25,2665021666667;2,221025493;0,44
"PA_58387990010538";"acer_pensylvanicum";-78,216462;39,873842;6;25,2665021666667;2,221025493;0,44
"PA_222095412010661";"acer_pensylvanicum";-78,31794;41,04244;1;25,2665021666667;2,221025493;0,44
"PA_68294202010538";"acer_pensylvanicum";-79,241962;40,073778;8;25,2665021666667;2,221025493;0,44
"PA_58268092010538";"acer_pensylvanicum";-78,31794;41,04244;1;25,2665021666667;2,221025493;0,44
"PA_58318739010538";"acer_pensylvanicum";-78,42257;41,69591;1;25,2665021666667;2,221025493;0,44
"PA_76916066010538";"acer_pensylvanicum";-77,74448;40,55336;1;25,2665021666667;2,221025493;0,44
"PA_58365466010538";"acer_pensylvanicum";-78,188421;41,108761;1;25,2665021666667;2,221025493;0,44
"PA_10708372010661";"acer_pensylvanicum";-77,47193;40,94451;1;25,2665021666667;2,221025493;0,44
"PA_222095384010661";"acer_pensylvanicum";-78,13664;41,65312;3;25,2665021666667;2,221025493;0,44
"PA_10715685010661";"acer_pensylvanicum";-78,69419;40,91673;1;25,2665021666667;2,221025493;0,44
"PA_76916175010538";"acer_pensylvanicum";-77,4004;40,82508;4;25,2665021666667;2,221025493;0,44
"PA_10787433010661";"acer_pensylvanicum";-77,94416;41,50007;1;25,2665021666667;2,221025493;0,44
"PA_10750844010661";"acer_pensylvanicum";-79,05531;40,75006;2;25,2665021666667;2,221025493;0,44
"PA_58195303010538";"acer_pensylvanicum";-75,50947;41,99365;9;25,2665021666667;2,221025493;0,44
"PA_58301687010538";"acer_pensylvanicum";-75,09335;41,71042;3;25,2665021666667;2,221025493;0,44
"PA_113492613010661";"acer_pensylvanicum";-76,367359;41,327915;2;25,2665021666667;2,221025493;0,44
"PA_222095400010661";"acer_pensylvanicum";-78,13838;41,34442;3;25,2665021666667;2,221025493;0,44
"PA_10787534010661";"acer_pensylvanicum";-77,83305;41,61118;1;25,2665021666667;2,221025493;0,44
"PA_247104809010661";"acer_pensylvanicum";-76,65096;41,7612;1;25,2665021666667;2,221025493;0,44
"PA_68294775010538";"acer_pensylvanicum";-76,41601;41,36635;5;25,2665021666667;2,221025493;0,44
"PA_145021095010661";"acer_pensylvanicum";-77,681812;41,33325;3;25,2665021666667;2,221025493;0,44
"PA_168997628010661";"acer_pensylvanicum";-77,8657;40,99618;1;25,2665021666667;2,221025493;0,44
"PA_113492825010661";"acer_pensylvanicum";-77,789041;40,386668;2;25,2665021666667;2,221025493;0,44
"PA_10708477010661";"acer_pensylvanicum";-77,44416;40,91674;4;25,2665021666667;2,221025493;0,44
"PA_58319312010538";"acer_pensylvanicum";-78,89666;41,81873;1;25,2665021666667;2,221025493;0,44
"PA_222095436010661";"acer_pensylvanicum";-78,76483;39,91153;4;25,2665021666667;2,221025493;0,44
"PA_58266592010538";"acer_pensylvanicum";-76,38674;41,39452;7;25,2665021666667;2,221025493;0,44
"PA_247104589010661";"acer_pensylvanicum";-78,47423;40,39256;1;25,2665021666667;2,221025493;0,44
"PA_247104813010661";"acer_pensylvanicum";-76,7968;41,53346;9;25,2665021666667;2,221025493;0,44
"PA_10695677010661";"acer_pensylvanicum";-76,33299;41,66674;3;25,2665021666667;2,221025493;0,44
"PA_247105124010661";"acer_pensylvanicum";-77,8286;39,98117;1;25,2665021666667;2,221025493;0,44
"PA_10697314010661";"acer_pensylvanicum";-76,66634;41,91674;1;25,2665021666667;2,221025493;0,44
"PA_247104869010661";"acer_pensylvanicum";-76,36933;41,35435;1;25,2665021666667;2,221025493;0,44
"PA_247104520010661";"acer_pensylvanicum";-79,1532;40,11268;11;25,2665021666667;2,221025493;0,44
"PA_113492617010661";"acer_pensylvanicum";-76,540672;41,308569;1;25,2665021666667;2,221025493;0,44
"PA_168997238010661";"acer_pensylvanicum";-76,24639;41,66496;2;25,2665021666667;2,221025493;0,44
"PA_58264684010538";"acer_pensylvanicum";-78,74509;40,22234;1;25,2665021666667;2,221025493;0,44
"PA_58188811010538";"acer_pensylvanicum";-77,83752;41,62124;1;25,2665021666667;2,221025493;0,44
"PA_58179423010538";"acer_pensylvanicum";-77,26483;41,40329;1;25,2665021666667;2,221025493;0,44
"PA_58343318010538";"acer_pensylvanicum";-78,30595;40,70657;2;25,2665021666667;2,221025493;0,44
"PA_247104590010661";"acer_pensylvanicum";-78,52034;40,31027;3;25,2665021666667;2,221025493;0,44
"PA_76916626010538";"acer_pensylvanicum";-77,65558;40,70436;2;25,2665021666667;2,221025493;0,44
"PA_145021099010661";"acer_pensylvanicum";-77,958755;41,516001;1;25,2665021666667;2,221025493;0,44
"PA_145020353010661";"acer_pensylvanicum";-77,749066;41,818831;3;25,2665021666667;2,221025493;0,44
"PA_122562024010661";"acer_pensylvanicum";-77,76954;41,65477;1;25,2665021666667;2,221025493;0,44
"PA_145019639010661";"acer_pensylvanicum";-75,464915;41,283962;3;25,2665021666667;2,221025493;0,44
"PA_58327704010538";"acer_pensylvanicum";-77,26945;40,70988;1;25,2665021666667;2,221025493;0,44
"PA_10756695010661";"acer_pensylvanicum";-75,55519;41,33342;1;25,2665021666667;2,221025493;0,44
"PA_58264915010538";"acer_pensylvanicum";-79,13858;40,13642;1;25,2665021666667;2,221025493;0,44
"PA_58389165010538";"acer_pensylvanicum";-78,110004;40,344224;3;25,2665021666667;2,221025493;0,44
"PA_10812923010661";"acer_pensylvanicum";-79,0831;41,80562;4;25,2665021666667;2,221025493;0,44
"PA_58343392010538";"acer_pensylvanicum";-78,52034;40,31027;2;25,2665021666667;2,221025493;0,44
"PA_10746636010661";"acer_pensylvanicum";-78,11084;40,66673;10;25,2665021666667;2,221025493;0,44
"PA_168997876010661";"acer_pensylvanicum";-79,241962;40,073778;9;25,2665021666667;2,221025493;0,44
"PA_10813045010661";"acer_pensylvanicum";-78,97198;41,77784;1;25,2665021666667;2,221025493;0,44
"PA_122561910010661";"acer_pensylvanicum";-78,06447;40,21168;1;25,2665021666667;2,221025493;0,44
"PA_58343491010538";"acer_pensylvanicum";-78,24564;40,51892;3;25,2665021666667;2,221025493;0,44
"PA_58252308010538";"acer_pensylvanicum";-76,83621;41,51919;5;25,2665021666667;2,221025493;0,44
"PA_113493025010661";"acer_pensylvanicum";-78,110004;40,344224;3;25,2665021666667;2,221025493;0,44
"PA_58410443010538";"acer_pensylvanicum";-76,367359;41,327915;1;25,2665021666667;2,221025493;0,44
"PA_145020357010661";"acer_pensylvanicum";-77,796064;41,716758;1;25,2665021666667;2,221025493;0,44
"PA_113492845010661";"acer_pensylvanicum";-77,183315;41,955708;9;25,2665021666667;2,221025493;0,44
"PA_168997434010661";"acer_pensylvanicum";-76,96259;41,63968;30;25,2665021666667;2,221025493;0,44
"PA_222094602010661";"acer_pensylvanicum";-78,30013;41,97456;1;25,2665021666667;2,221025493;0,44
"PA_10693473010661";"acer_pensylvanicum";-78,22196;40,55562;1;25,2665021666667;2,221025493;0,44
"PA_168997244010661";"acer_pensylvanicum";-76,41601;41,36635;6;25,2665021666667;2,221025493;0,44
"PA_58189267010538";"acer_pensylvanicum";-77,82581;41,68362;3;25,2665021666667;2,221025493;0,44
"PA_168997756010661";"acer_pensylvanicum";-78,578;40,33275;9;25,2665021666667;2,221025493;0,44
"PA_58308088010538";"acer_pensylvanicum";-78,06447;40,21168;1;25,2665021666667;2,221025493;0,44
"PA_247105140010661";"acer_pensylvanicum";-79,45657;39,82435;6;25,2665021666667;2,221025493;0,44
"PA_68296218010538";"acer_pensylvanicum";-79,56308;40,99658;4;25,2665021666667;2,221025493;0,44
"PA_58261651010538";"acer_pensylvanicum";-78,17785;41,88875;4;25,2665021666667;2,221025493;0,44
"PA_180225239010661";"acer_pensylvanicum";-79,001761;41,788707;5;25,2665021666667;2,221025493;0,44
"PA_168997436010661";"acer_pensylvanicum";-76,88071;41,47882;1;25,2665021666667;2,221025493;0,44
"PA_222094604010661";"acer_pensylvanicum";-78,47546;41,98764;6;25,2665021666667;2,221025493;0,44
"PA_58360160010538";"acer_pensylvanicum";-75,390171;41,447768;5;25,2665021666667;2,221025493;0,44
"PA_168997248010661";"acer_pensylvanicum";-76,47391;41,29035;6;25,2665021666667;2,221025493;0,44
"PA_68302764010538";"acer_pensylvanicum";-78,6203;41,50204;1;25,2665021666667;2,221025493;0,44
"PA_68323724010538";"acer_pensylvanicum";-79,03592;41,97897;3;25,2665021666667;2,221025493;0,44
"PA_58197012010538";"acer_pensylvanicum";-76,96259;41,63968;11;25,2665021666667;2,221025493;0,44
"PA_145020417010661";"acer_pensylvanicum";-78,50955;40,521548;2;25,2665021666667;2,221025493;0,44
"PA_247104907010661";"acer_pensylvanicum";-76,20963;41,33946;4;25,2665021666667;2,221025493;0,44
"PA_168997250010661";"acer_pensylvanicum";-76,60142;41,38227;1;25,2665021666667;2,221025493;0,44
"PA_58389619010538";"acer_pensylvanicum";-77,854254;40,536485;1;25,2665021666667;2,221025493;0,44
"PA_168997764010661";"acer_pensylvanicum";-78,67712;40,1754;1;25,2665021666667;2,221025493;0,44
"PA_122561934010661";"acer_pensylvanicum";-77,32525;41,80429;1;25,2665021666667;2,221025493;0,44
"PA_58343945010538";"acer_pensylvanicum";-78,47423;40,39256;1;25,2665021666667;2,221025493;0,44
"PA_58550035010538";"acer_pensylvanicum";-78,733988;40,690076;1;25,2665021666667;2,221025493;0,44
"PA_122561778010661";"acer_pensylvanicum";-77,26945;40,70988;1;25,2665021666667;2,221025493;0,44
"PA_145020419010661";"acer_pensylvanicum";-78,551128;40,443306;1;25,2665021666667;2,221025493;0,44
"PA_122561744010661";"acer_pensylvanicum";-76,94129;41,54785;5;25,2665021666667;2,221025493;0,44
"PA_122561982010661";"acer_pensylvanicum";-78,24564;40,51892;5;25,2665021666667;2,221025493;0,44
"PA_76911591010538";"acer_pensylvanicum";-76,83621;41,51919;5;25,2665021666667;2,221025493;0,44
"PA_145020375010661";"acer_pensylvanicum";-78,019571;41,362066;1;25,2665021666667;2,221025493;0,44
"PA_10766121010661";"acer_pensylvanicum";-76,80524;41,44452;1;25,2665021666667;2,221025493;0,44
"PA_10693870010661";"acer_pensylvanicum";-78,24973;40,50007;2;25,2665021666667;2,221025493;0,44
"PA_247105158010661";"acer_pensylvanicum";-78,862656;41,98473;1;25,2665021666667;2,221025493;0,44
"PA_113493053010661";"acer_pensylvanicum";-78,703859;39,884338;1;25,2665021666667;2,221025493;0,44
"PA_58197722010538";"acer_pensylvanicum";-77,38051;41,81178;1;25,2665021666667;2,221025493;0,44
"PA_10766174010661";"acer_pensylvanicum";-76,83301;41,50008;2;25,2665021666667;2,221025493;0,44
"PA_113493813010661";"acer_pensylvanicum";-77,677819;40,454439;2;25,2665021666667;2,221025493;0,44
"PA_76872983010538";"acer_pensylvanicum";-78,17785;41,88875;4;25,2665021666667;2,221025493;0,44
"PA_68324674010538";"acer_pensylvanicum";-79,17162;41,66382;1;25,2665021666667;2,221025493;0,44
"PA_122562832010661";"acer_pensylvanicum";-78,51108;41,90722;1;25,2665021666667;2,221025493;0,44
"PA_122561790010661";"acer_pensylvanicum";-77,532225;40,572654;6;25,2665021666667;2,221025493;0,44
"PA_10802405010661";"acer_pensylvanicum";-76,94413;41,94452;3;25,2665021666667;2,221025493;0,44
"PA_145020599010661";"acer_pensylvanicum";-79,180813;40,190067;1;25,2665021666667;2,221025493;0,44
"PA_58197809010538";"acer_pensylvanicum";-77,42494;41,74618;2;25,2665021666667;2,221025493;0,44
"PA_58360658010538";"acer_pensylvanicum";-79,284182;40,065814;3;25,2665021666667;2,221025493;0,44
"PA_168997516010661";"acer_pensylvanicum";-77,26483;41,40329;1;25,2665021666667;2,221025493;0,44
"PA_113492689010661";"acer_pensylvanicum";-76,801816;41,484421;2;25,2665021666667;2,221025493;0,44
"PA_58568661010538";"acer_pensylvanicum";-76,95474;41,446944;2;25,2665021666667;2,221025493;0,44
"PA_113493059010661";"acer_pensylvanicum";-77,770444;41,837199;2;25,2665021666667;2,221025493;0,44
"PA_122561792010661";"acer_pensylvanicum";-77,56476;40,50716;4;25,2665021666667;2,221025493;0,44
"PA_222095738010661";"acer_pensylvanicum";-76,6183;41,87535;1;25,2665021666667;2,221025493;0,44
"PA_68324856010538";"acer_pensylvanicum";-78,98493;41,73683;2;25,2665021666667;2,221025493;0,44
"PA_10802637010661";"acer_pensylvanicum";-77,16636;41,94452;1;25,2665021666667;2,221025493;0,44
"PA_145020605010661";"acer_pensylvanicum";-79,2236;40,095989;3;25,2665021666667;2,221025493;0,44
"PA_58305148010538";"acer_pensylvanicum";-77,8286;39,98117;4;25,2665021666667;2,221025493;0,44
"PA_58200833010538";"acer_pensylvanicum";-79,17162;41,66382;1;25,2665021666667;2,221025493;0,44
"PA_222095946010661";"acer_pensylvanicum";-76,38674;41,39452;5;25,2665021666667;2,221025493;0,44
"PA_113493827010661";"acer_pensylvanicum";-78,216462;39,873842;15;25,2665021666667;2,221025493;0,44
"PA_58298734010538";"acer_pensylvanicum";-78,96975;41,6705;2;25,2665021666667;2,221025493;0,44
"PA_58568906010538";"acer_pensylvanicum";-77,244342;41,243821;3;25,2665021666667;2,221025493;0,44
"PA_122561804010661";"acer_pensylvanicum";-77,68448;40,27981;1;25,2665021666667;2,221025493;0,44
"PA_10770136010661";"acer_pensylvanicum";-78,58308;41,8334;3;25,2665021666667;2,221025493;0,44
"PA_58262907010538";"acer_pensylvanicum";-78,13664;41,65312;1;25,2665021666667;2,221025493;0,44
"PA_58238470010538";"acer_pensylvanicum";-78,99273;40,37044;6;25,2665021666667;2,221025493;0,44
"PA_145020607010661";"acer_pensylvanicum";-79,285696;40,042435;3;25,2665021666667;2,221025493;0,44
"PA_168997472010661";"acer_pensylvanicum";-77,54087;40,35293;2;25,2665021666667;2,221025493;0,44
"PA_145020453010661";"acer_pensylvanicum";-77,864081;41,941828;1;25,2665021666667;2,221025493;0,44
"PA_58200989010538";"acer_pensylvanicum";-78,98493;41,73683;1;25,2665021666667;2,221025493;0,44
"PA_58372391010538";"acer_pensylvanicum";-78,816595;41,591218;1;25,2665021666667;2,221025493;0,44
"PA_58298829010538";"acer_pensylvanicum";-79,11191;41,67137;1;25,2665021666667;2,221025493;0,44
"PA_222095758010661";"acer_pensylvanicum";-77,07573;41,62353;1;25,2665021666667;2,221025493;0,44
"PA_58174866010538";"acer_pensylvanicum";-77,72053;40,37781;1;25,2665021666667;2,221025493;0,44
"PA_58568999010538";"acer_pensylvanicum";-77,229053;41,531534;19;25,2665021666667;2,221025493;0,44
"PA_58396441010538";"acer_pensylvanicum";-76,857305;41,33195;1;25,2665021666667;2,221025493;0,44
"PA_58569919010538";"acer_pensylvanicum";-78,570138;41,949307;5;25,2665021666667;2,221025493;0,44
"PA_113493101010661";"acer_pensylvanicum";-78,492094;40,646699;2;25,2665021666667;2,221025493;0,44
"PA_10775782010661";"acer_pensylvanicum";-77,66638;40,44452;2;25,2665021666667;2,221025493;0,44
"PA_222096550010661";"acer_pensylvanicum";-78,707222;41,772718;7;25,2665021666667;2,221025493;0,44
"PA_222096562010661";"acer_pensylvanicum";-78,958737;41,660053;2;25,2665021666667;2,221025493;0,44
"PA_58551480010538";"acer_pensylvanicum";-77,444985;40,925589;1;25,2665021666667;2,221025493;0,44
"PA_222096080010661";"acer_pensylvanicum";-76,32206;40,61357;1;25,2665021666667;2,221025493;0,44
"PA_10747779010661";"acer_pensylvanicum";-77,77749;40,30564;7;25,2665021666667;2,221025493;0,44
"PA_113493107010661";"acer_pensylvanicum";-78,575318;40,428084;3;25,2665021666667;2,221025493;0,44
"PA_10772415010661";"acer_pensylvanicum";-78,63864;41,75006;2;25,2665021666667;2,221025493;0,44
"PA_222095668010661";"acer_pensylvanicum";-77,52917;40,9374;2;25,2665021666667;2,221025493;0,44
"PA_222094704010661";"acer_pensylvanicum";-78,03754;40,62689;1;25,2665021666667;2,221025493;0,44
"PA_58362594010538";"acer_pensylvanicum";-77,442707;40,910693;1;25,2665021666667;2,221025493;0,44
"PA_222096552010661";"acer_pensylvanicum";-78,896974;41,799044;2;25,2665021666667;2,221025493;0,44
"PA_58254349010538";"acer_pensylvanicum";-78,30013;41,97456;1;25,2665021666667;2,221025493;0,44
"PA_68298601010538";"acer_pensylvanicum";-77,56217;41,21904;2;25,2665021666667;2,221025493;0,44
"PA_10803722010661";"acer_pensylvanicum";-77,19414;41,83341;8;25,2665021666667;2,221025493;0,44
"PA_76874170010538";"acer_pensylvanicum";-78,13664;41,65312;3;25,2665021666667;2,221025493;0,44
"PA_10728584010661";"acer_pensylvanicum";-78,47196;41,33339;1;25,2665021666667;2,221025493;0,44
"PA_58254918010538";"acer_pensylvanicum";-78,22114;41,86889;2;25,2665021666667;2,221025493;0,44
"PA_58347738010538";"acer_pensylvanicum";-78,83852;40,32939;1;25,2665021666667;2,221025493;0,44
"PA_58569271010538";"acer_pensylvanicum";-77,376197;41,30277;1;25,2665021666667;2,221025493;0,44
"PA_58256671010538";"acer_pensylvanicum";-77,74448;40,55336;1;25,2665021666667;2,221025493;0,44
"PA_10748104010661";"acer_pensylvanicum";-78,08306;40,61118;3;25,2665021666667;2,221025493;0,44
"PA_222094724010661";"acer_pensylvanicum";-77,31817;40,33733;1;25,2665021666667;2,221025493;0,44
"PA_222095968010661";"acer_pensylvanicum";-76,27317;41,00721;2;25,2665021666667;2,221025493;0,44
"PA_10773647010661";"acer_pensylvanicum";-80,16645;41,36117;1;25,2665021666667;2,221025493;0,44
"PA_58255015010538";"acer_pensylvanicum";-78,55722;41,83456;1;25,2665021666667;2,221025493;0,44
"PA_68298881010538";"acer_pensylvanicum";-77,40067;41,20474;2;25,2665021666667;2,221025493;0,44
"PA_10765845010661";"acer_pensylvanicum";-76,94413;41,52785;4;25,2665021666667;2,221025493;0,44
"PA_58256790010538";"acer_pensylvanicum";-77,4004;40,82508;3;25,2665021666667;2,221025493;0,44
"PA_58397498010538";"acer_pensylvanicum";-76,801816;41,484421;2;25,2665021666667;2,221025493;0,44
"PA_10818828010661";"acer_pensylvanicum";-75,41629;41,83342;2;25,2665021666667;2,221025493;0,44
"PA_58353596010538";"acer_pensylvanicum";-77,183315;41,955708;9;25,2665021666667;2,221025493;0,44
"PA_58324750010538";"acer_pensylvanicum";-77,76954;41,65477;1;25,2665021666667;2,221025493;0,44
"PA_76874347010538";"acer_pensylvanicum";-77,636833;41,653904;1;25,2665021666667;2,221025493;0,44
"PA_10728732010661";"acer_pensylvanicum";-78,63864;41,27784;1;25,2665021666667;2,221025493;0,44
"PA_58255119010538";"acer_pensylvanicum";-78,47546;41,98764;6;25,2665021666667;2,221025493;0,44
"PA_168998068010661";"acer_pensylvanicum";-78,98493;41,73683;3;25,2665021666667;2,221025493;0,44
"PA_76913644010538";"acer_pensylvanicum";-78,30013;41,97456;1;25,2665021666667;2,221025493;0,44
"PA_222096456010661";"acer_pensylvanicum";-77,25201;40,52077;4;25,2665021666667;2,221025493;0,44
"PA_168997970010661";"acer_pensylvanicum";-78,64613;41,74729;11;25,2665021666667;2,221025493;0,44
"PA_58375725010538";"acer_pensylvanicum";-78,703859;39,884338;1;25,2665021666667;2,221025493;0,44
"PA_58569659010538";"acer_pensylvanicum";-78,41446;41,903637;3;25,2665021666667;2,221025493;0,44
"PA_122561832010661";"acer_pensylvanicum";-76,92617;41,89777;1;25,2665021666667;2,221025493;0,44
"PA_58399832010538";"acer_pensylvanicum";-78,710916;41,760575;2;25,2665021666667;2,221025493;0,44
"PA_168997972010661";"acer_pensylvanicum";-78,72012;41,83673;2;25,2665021666667;2,221025493;0,44
"PA_222095692010661";"acer_pensylvanicum";-77,4004;40,82508;4;25,2665021666667;2,221025493;0,44
"PA_10779400010661";"acer_pensylvanicum";-75,36074;40,80565;4;25,2665021666667;2,221025493;0,44
"PA_168998064010661";"acer_pensylvanicum";-79,03592;41,97897;1;25,2665021666667;2,221025493;0,44
"PA_10769962010661";"acer_pensylvanicum";-78,27751;41,72229;3;25,2665021666667;2,221025493;0,44
"PA_10781062010661";"acer_pensylvanicum";-77,3886;40,44453;2;25,2665021666667;2,221025493;0,44
"PA_76914225010538";"acer_pensylvanicum";-78,22114;41,86889;2;25,2665021666667;2,221025493;0,44
"PA_168998174010661";"acer_pensylvanicum";-79,56308;40,99658;3;25,2665021666667;2,221025493;0,44
"PA_58274651010538";"acer_pensylvanicum";-78,47375;41,37033;2;25,2665021666667;2,221025493;0,44
"PA_58199913010538";"acer_pensylvanicum";-79,03592;41,97897;3;25,2665021666667;2,221025493;0,44
"PA_168997976010661";"acer_pensylvanicum";-78,7949;41,74227;4;25,2665021666667;2,221025493;0,44
"PA_58354638010538";"acer_pensylvanicum";-77,378396;41,974073;1;25,2665021666667;2,221025493;0,44
"PA_58376030010538";"acer_pensylvanicum";-78,492829;39,977382;1;25,2665021666667;2,221025493;0,44
"PA_222095796010661";"acer_pensylvanicum";-76,95504;41,06127;5;25,2665021666667;2,221025493;0,44
"PA_58395850010538";"acer_pensylvanicum";-76,116867;41,36543;4;25,2665021666667;2,221025493;0,44
"PA_10785305010661";"acer_pensylvanicum";-77,69415;41,66673;2;25,2665021666667;2,221025493;0,44
"PA_247105014010661";"acer_pensylvanicum";-75,47152;41,6723;1;25,2665021666667;2,221025493;0,44
"PA_76914312010538";"acer_pensylvanicum";-78,55722;41,83456;2;25,2665021666667;2,221025493;0,44
"PA_58398461010538";"acer_pensylvanicum";-78,31417;41,804027;1;25,2665021666667;2,221025493;0,44
"PA_168997978010661";"acer_pensylvanicum";-78,68389;41,65933;12;25,2665021666667;2,221025493;0,44
"PA_113493199010661";"acer_pensylvanicum";-78,794152;40,686145;1;25,2665021666667;2,221025493;0,44
"PA_58288905010538";"acer_pensylvanicum";-78,09378;40,82739;2;25,2665021666667;2,221025493;0,44
"PA_58280118010538";"acer_pensylvanicum";-78,30221;40,18796;2;25,2665021666667;2,221025493;0,44
"PA_222096028010661";"acer_pensylvanicum";-75,71492;41,87587;1;25,2665021666667;2,221025493;0,44
"PA_122561842010661";"acer_pensylvanicum";-76,96627;41,58877;3;25,2665021666667;2,221025493;0,44
"PA_76914438010538";"acer_pensylvanicum";-78,47546;41,98764;6;25,2665021666667;2,221025493;0,44
"PA_10771699010661";"acer_pensylvanicum";-78,88865;41,83339;3;25,2665021666667;2,221025493;0,44
"PA_222096470010661";"acer_pensylvanicum";-77,70011;40,70391;1;25,2665021666667;2,221025493;0,44
"PA_113493149010661";"acer_pensylvanicum";-78,214376;41,647245;2;25,2665021666667;2,221025493;0,44
"PA_58400980010538";"acer_pensylvanicum";-77,677819;40,454439;2;25,2665021666667;2,221025493;0,44
"PA_113493201010661";"acer_pensylvanicum";-78,671944;40,586442;2;25,2665021666667;2,221025493;0,44
"PA_58289117010538";"acer_pensylvanicum";-77,32039;40,98946;1;25,2665021666667;2,221025493;0,44
"PA_10686546010661";"acer_pensylvanicum";-78,22196;40,11119;1;25,2665021666667;2,221025493;0,44
"PA_10728988010661";"acer_pensylvanicum";-78,33307;41,33339;1;25,2665021666667;2,221025493;0,44
"PA_222095814010661";"acer_pensylvanicum";-77,05361;40,53404;2;25,2665021666667;2,221025493;0,44
"PA_10786112010661";"acer_pensylvanicum";-77,88861;41,86118;1;25,2665021666667;2,221025493;0,44
"PA_58398818010538";"acer_pensylvanicum";-78,214376;41,647245;2;25,2665021666667;2,221025493;0,44
"PA_10771835010661";"acer_pensylvanicum";-78,66642;41,8334;3;25,2665021666667;2,221025493;0,44
"PA_247104245010661";"acer_pensylvanicum";-78,3834;40,24367;2;25,2665021666667;2,221025493;0,44
"PA_113493209010661";"acer_pensylvanicum";-78,79693;40,34654;5;25,2665021666667;2,221025493;0,44
"PA_10686882010661";"acer_pensylvanicum";-78,33307;40,19452;1;25,2665021666667;2,221025493;0,44
"PA_76914667010538";"acer_pensylvanicum";-78,85434;41,94056;1;25,2665021666667;2,221025493;0,44
"PA_58398905010538";"acer_pensylvanicum";-78,210907;41,95505;2;25,2665021666667;2,221025493;0,44
"PA_10748991010661";"acer_pensylvanicum";-77,86083;40,52785;4;25,2665021666667;2,221025493;0,44
"PA_113493143010661";"acer_pensylvanicum";-78,058235;41,636208;1;25,2665021666667;2,221025493;0,44
"PA_168997964010661";"acer_pensylvanicum";-78,5688;41,87437;2;25,2665021666667;2,221025493;0,44
"PA_113493155010661";"acer_pensylvanicum";-78,229124;41,328079;4;25,2665021666667;2,221025493;0,44
"PA_58572822010538";"acer_pensylvanicum";-75,445657;41,042366;6;25,2665021666667;2,221025493;0,44
"PA_58401195010538";"acer_pensylvanicum";-77,789041;40,386668;2;25,2665021666667;2,221025493;0,44
"PA_58280560010538";"acer_pensylvanicum";-78,60508;39,91707;7;25,2665021666667;2,221025493;0,44
"PA_10774753010661";"acer_pensylvanicum";-77,61083;40,63896;4;25,2665021666667;2,221025493;0,44
"PA_10786477010661";"acer_pensylvanicum";-78,11084;41,80562;1;25,2665021666667;2,221025493;0,44
"PA_10781881010661";"acer_pensylvanicum";-77,13859;40,27787;3;25,2665021666667;2,221025493;0,44
"PA_76896216010538";"acer_pensylvanicum";-78,64591;41,3862;2;25,2665021666667;2,221025493;0,44
"PA_222096528010661";"acer_pensylvanicum";-78,880875;41,632158;1;25,2665021666667;2,221025493;0,44
"PA_58382370010538";"acer_pensylvanicum";-78,575318;40,428084;2;25,2665021666667;2,221025493;0,44
"PA_58401296010538";"acer_pensylvanicum";-77,663151;40,553421;1;25,2665021666667;2,221025493;0,44
"PA_10822613010661";"acer_pensylvanicum";-75,97187;41,52785;5;25,2665021666667;2,221025493;0,44
"PA_58289455010538";"acer_pensylvanicum";-77,52917;40,9374;1;25,2665021666667;2,221025493;0,44
"PA_10774882010661";"acer_pensylvanicum";-77,55527;40,55563;3;25,2665021666667;2,221025493;0,44
"PA_10688091010661";"acer_pensylvanicum";-78,49974;39,8612;8;25,2665021666667;2,221025493;0,44
"PA_222095824010661";"acer_pensylvanicum";-77,45297;40,46019;1;25,2665021666667;2,221025493;0,44
"PA_122562930010661";"acer_pensylvanicum";-78,96975;41,6705;2;25,2665021666667;2,221025493;0,44
"PA_10822783010661";"acer_pensylvanicum";-76,13854;41,52785;5;25,2665021666667;2,221025493;0,44
"PA_58554062010538";"acer_pensylvanicum";-78,466536;41,216938;8;25,2665021666667;2,221025493;0,44
"PA_10762803010661";"acer_pensylvanicum";-77,02747;41,36119;1;25,2665021666667;2,221025493;0,44
"PA_10782016010661";"acer_pensylvanicum";-77,36082;40,27786;2;25,2665021666667;2,221025493;0,44
"PA_10772144010661";"acer_pensylvanicum";-78,91642;41,75006;1;25,2665021666667;2,221025493;0,44
"PA_10731184010661";"acer_pensylvanicum";-78,9442;41,50006;1;25,2665021666667;2,221025493;0,44
"PA_10775022010661";"acer_pensylvanicum";-77,49972;40,75007;2;25,2665021666667;2,221025493;0,44
"PA_58382598010538";"acer_pensylvanicum";-78,671944;40,586442;1;25,2665021666667;2,221025493;0,44
"PA_58574785010538";"acer_pensylvanicum";-77,053483;40,371832;3;25,2665021666667;2,221025493;0,44
"PA_10735177010661";"acer_pensylvanicum";-79,33309;40,00007;2;25,2665021666667;2,221025493;0,44
"PA_168998140010661";"acer_pensylvanicum";-79,17162;41,66382;5;25,2665021666667;2,221025493;0,44
"PA_58282547010538";"acer_pensylvanicum";-78,22077;40,59888;1;25,2665021666667;2,221025493;0,44
"PA_58231638010538";"acer_pensylvanicum";-77,1697;41,6776;1;25,2665021666667;2,221025493;0,44
"PA_10726810010661";"acer_pensylvanicum";-76,74969;40,41675;1;25,2665021666667;2,221025493;0,44
"PA_58378848010538";"acer_pensylvanicum";-76,216575;41,607003;3;25,2665021666667;2,221025493;0,44
"PA_10742627010661";"acer_pensylvanicum";-77,6386;40,16675;6;25,2665021666667;2,221025493;0,44
"PA_76904669010538";"acer_pensylvanicum";-78,88391;40,62176;1;25,2665021666667;2,221025493;0,44
"PA_58232411010538";"acer_pensylvanicum";-76,95504;41,06127;1;25,2665021666667;2,221025493;0,44
"PA_76896712010538";"acer_pensylvanicum";-78,47375;41,37033;2;25,2665021666667;2,221025493;0,44
"PA_10821021010661";"acer_pensylvanicum";-78,99975;40,36118;2;25,2665021666667;2,221025493;0,44
"PA_10739381010661";"acer_pensylvanicum";-78,99976;41,52784;6;25,2665021666667;2,221025493;0,44
"PA_76879497010538";"acer_pensylvanicum";-75,71492;41,87587;2;25,2665021666667;2,221025493;0,44
"PA_76881873010538";"acer_pensylvanicum";-76,95504;41,06127;1;25,2665021666667;2,221025493;0,44
"PA_76876488010538";"acer_pensylvanicum";-79,13858;40,13642;1;25,2665021666667;2,221025493;0,44
"PA_10688665010661";"acer_pensylvanicum";-78,47196;40,2223;4;25,2665021666667;2,221025493;0,44
"PA_10823120010661";"acer_pensylvanicum";-76,16632;41,4723;4;25,2665021666667;2,221025493;0,44
"PA_122562976010661";"acer_pensylvanicum";-77,8286;39,98117;4;25,2665021666667;2,221025493;0,44
"PA_58576073010538";"acer_pensylvanicum";-77,864081;41,941828;1;25,2665021666667;2,221025493;0,44
"PA_76876249010538";"acer_pensylvanicum";-78,74509;40,22234;3;25,2665021666667;2,221025493;0,44
"PA_58558688010538";"acer_pensylvanicum";-77,773578;40,035492;3;25,2665021666667;2,221025493;0,44
"PA_58405530010538";"acer_pensylvanicum";-77,770444;41,837199;1;25,2665021666667;2,221025493;0,44
"PA_58381649010538";"acer_pensylvanicum";-78,794152;40,686145;1;25,2665021666667;2,221025493;0,44
"PA_58574158010538";"acer_pensylvanicum";-76,502692;40,737173;2;25,2665021666667;2,221025493;0,44
"PA_76896809010538";"acer_pensylvanicum";-78,72185;41,53159;1;25,2665021666667;2,221025493;0,44
"PA_10731667010661";"acer_pensylvanicum";-78,80531;41,47228;1;25,2665021666667;2,221025493;0,44
"PA_76907190010538";"acer_pensylvanicum";-77,45297;40,46019;1;25,2665021666667;2,221025493;0,44
"PA_76876697010538";"acer_pensylvanicum";-78,76483;39,91153;2;25,2665021666667;2,221025493;0,44
"PA_76888338010538";"acer_pensylvanicum";-78,99273;40,37044;7;25,2665021666667;2,221025493;0,44
"PA_10736561010661";"acer_pensylvanicum";-79,4442;39,88896;1;25,2665021666667;2,221025493;0,44
"PA_10775544010661";"acer_pensylvanicum";-77,44416;40,75007;1;25,2665021666667;2,221025493;0,44
"PA_122561904010661";"acer_pensylvanicum";-77,98364;40,35073;1;25,2665021666667;2,221025493;0,44
"PA_58216795010538";"acer_pensylvanicum";-76,64031;41,59252;8;25,2665021666667;2,221025493;0,44
"PA_145019571010661";"acer_pensylvanicum";-75,445657;41,042366;6;25,2665021666667;2,221025493;0,44
"PA_58383581010538";"acer_pensylvanicum";-78,229124;41,328079;4;25,2665021666667;2,221025493;0,44
"PA_58229980010538";"acer_pensylvanicum";-75,71492;41,87587;2;25,2665021666667;2,221025493;0,44
"PA_76881129010538";"acer_pensylvanicum";-77,1697;41,6776;1;25,2665021666667;2,221025493;0,44
"PA_10727224010661";"acer_pensylvanicum";-78,69419;41,50006;1;25,2665021666667;2,221025493;0,44
"PA_58381831010538";"acer_pensylvanicum";-78,492094;40,646699;1;25,2665021666667;2,221025493;0,44
"PA_58214096010538";"acer_pensylvanicum";-78,67712;40,1754;1;25,2665021666667;2,221025493;0,44
"PA_58217683010538";"acer_pensylvanicum";-76,24639;41,66496;3;25,2665021666667;2,221025493;0,44
"PA_58351822010538";"acer_pensylvanicum";-79,45657;39,82435;7;25,2665021666667;2,221025493;0,44
"PA_76903011010538";"acer_pensylvanicum";-78,03754;40,62689;1;25,2665021666667;2,221025493;0,44
"PA_222096548010661";"acer_pensylvanicum";-78,872091;41,901559;6;25,2665021666667;2,221025493;0,44
"PA_10727276010661";"acer_pensylvanicum";-78,66642;41,58339;1;25,2665021666667;2,221025493;0,44
"PA_58224875010538";"acer_pensylvanicum";-79,56308;40,99658;4;25,2665021666667;2,221025493;0,44
"PA_10782755010661";"acer_pensylvanicum";-77,05526;40,52786;1;25,2665021666667;2,221025493;0,44
"PA_58283549010538";"acer_pensylvanicum";-76,6183;41,87535;1;25,2665021666667;2,221025493;0,44
"PA_58579712010538";"acer_pensylvanicum";-79,208147;39,724369;1;25,2665021666667;2,221025493;0,44
"PA_10730930010661";"acer_pensylvanicum";-78,86087;41,52784;1;25,2665021666667;2,221025493;0,44
"PA_58223040010538";"acer_pensylvanicum";-77,8657;40,99618;2;25,2665021666667;2,221025493;0,44
"PA_58226504010538";"acer_pensylvanicum";-78,6203;41,50204;1;25,2665021666667;2,221025493;0,44
"PA_58580231010538";"acer_pensylvanicum";-79,2236;40,095989;3;25,2665021666667;2,221025493;0,44
"PA_76878113010538";"acer_pensylvanicum";-76,38674;41,39452;7;25,2665021666667;2,221025493;0,44
"PA_10727429010661";"acer_pensylvanicum";-78,52752;41,27784;1;25,2665021666667;2,221025493;0,44
"PA_122563008010661";"acer_pensylvanicum";-79,45657;39,82435;9;25,2665021666667;2,221025493;0,44
"PA_58382153010538";"acer_pensylvanicum";-78,79693;40,34654;5;25,2665021666667;2,221025493;0,44
"PA_10801608010661";"populus_tremuloides";-76,08298;41,9723;1;15,06332626125;2,027468662;0,35
"PA_113493151010661";"populus_tremuloides";-78,275078;41,582301;1;15,06332626125;2,027468662;0,35
"PA_113493131010661";"populus_tremuloides";-77,926125;41,946401;6;15,06332626125;2,027468662;0,35
"PA_145020729010661";"populus_tremuloides";-79,648667;40,890956;1;15,06332626125;2,027468662;0,35
"PA_10722467010661";"populus_tremuloides";-79,94422;41,6945;2;15,06332626125;2,027468662;0,35
"PA_122561936010661";"populus_tremuloides";-77,43897;41,88066;38;15,06332626125;2,027468662;0,35
"PA_122561934010661";"populus_tremuloides";-77,32525;41,80429;12;15,06332626125;2,027468662;0,35
"PA_10803866010661";"populus_tremuloides";-77,02747;41,7223;1;15,06332626125;2,027468662;0,35
"PA_58400174010538";"populus_tremuloides";-80,190784;41,193237;8;15,06332626125;2,027468662;0,35
"PA_10800868010661";"populus_tremuloides";-75,49962;41,91675;1;15,06332626125;2,027468662;0,35
"PA_10762469010661";"populus_tremuloides";-75,88853;41,02786;2;15,06332626125;2,027468662;0,35
"PA_168997804010661";"populus_tremuloides";-78,22558;41,56007;16;15,06332626125;2,027468662;0,35
"PA_113492961010661";"populus_tremuloides";-77,354656;41,658834;6;15,06332626125;2,027468662;0,35
"PA_68283525010538";"populus_tremuloides";-80,0699;41,33376;2;15,06332626125;2,027468662;0,35
"PA_10804052010661";"populus_tremuloides";-77,49971;41,94451;1;15,06332626125;2,027468662;0,35
"PA_58364364010538";"populus_tremuloides";-79,262791;41,387813;2;15,06332626125;2,027468662;0,35
"PA_113492441010661";"populus_tremuloides";-76,366043;40,777967;1;15,06332626125;2,027468662;0,35
"PA_68311438010538";"populus_tremuloides";-76,29006;41,89592;1;15,06332626125;2,027468662;0,35
"PA_10804182010661";"populus_tremuloides";-77,30525;41,61118;3;15,06332626125;2,027468662;0,35
"PA_58391650010538";"populus_tremuloides";-78,794453;41,279015;1;15,06332626125;2,027468662;0,35
"PA_10763702010661";"populus_tremuloides";-76,83302;41,41674;4;15,06332626125;2,027468662;0,35
"PA_168997984010661";"populus_tremuloides";-78,78803;41,50207;1;15,06332626125;2,027468662;0,35
"PA_58346927010538";"populus_tremuloides";-78,48613;40,71755;11;15,06332626125;2,027468662;0,35
"PA_58293856010538";"populus_tremuloides";-75,80806;41,74681;10;15,06332626125;2,027468662;0,35
"PA_58294234010538";"populus_tremuloides";-77,32525;41,80429;12;15,06332626125;2,027468662;0,35
"PA_10763884010661";"populus_tremuloides";-76,66634;41,2223;1;15,06332626125;2,027468662;0,35
"PA_145020779010661";"populus_tremuloides";-79,100917;41,893376;3;15,06332626125;2,027468662;0,35
"PA_113493435010661";"populus_tremuloides";-79,262791;41,387813;2;15,06332626125;2,027468662;0,35
"PA_58344308010538";"populus_tremuloides";-76,29293;41,82467;3;15,06332626125;2,027468662;0,35
"PA_10763951010661";"populus_tremuloides";-77,44415;41,47229;6;15,06332626125;2,027468662;0,35
"PA_58370074010538";"populus_tremuloides";-80,274004;41,656961;1;15,06332626125;2,027468662;0,35
"PA_10724171010661";"populus_tremuloides";-79,94422;41,6945;10;15,06332626125;2,027468662;0,35
"PA_68289702010538";"populus_tremuloides";-77,90607;41,78808;4;15,06332626125;2,027468662;0,35
"PA_145020909010661";"populus_tremuloides";-80,110908;40,999893;3;15,06332626125;2,027468662;0,35
"PA_58295494010538";"populus_tremuloides";-77,43897;41,88066;37;15,06332626125;2,027468662;0,35
"PA_58370471010538";"populus_tremuloides";-77,516039;40,21998;2;15,06332626125;2,027468662;0,35
"PA_168997838010661";"populus_tremuloides";-78,57061;40,95386;2;15,06332626125;2,027468662;0,35
"PA_145020787010661";"populus_tremuloides";-79,224487;41,734012;1;15,06332626125;2,027468662;0,35
"PA_10724229010661";"populus_tremuloides";-80,44423;41,80561;26;15,06332626125;2,027468662;0,35
"PA_68289758010538";"populus_tremuloides";-77,634;41,9896;7;15,06332626125;2,027468662;0,35
"PA_168997844010661";"populus_tremuloides";-78,43529;40,78141;6;15,06332626125;2,027468662;0,35
"PA_68306810010538";"populus_tremuloides";-79,23799;40,98739;4;15,06332626125;2,027468662;0,35
"PA_68286372010538";"populus_tremuloides";-76,61303;40,77218;1;15,06332626125;2,027468662;0,35
"PA_68289997010538";"populus_tremuloides";-78,01702;41,92893;9;15,06332626125;2,027468662;0,35
"PA_68277524010538";"populus_tremuloides";-75,87837;41,40714;1;15,06332626125;2,027468662;0,35
"PA_58315600010538";"populus_tremuloides";-76,24539;41,26428;2;15,06332626125;2,027468662;0,35
"PA_76907633010538";"populus_tremuloides";-75,59961;41,48505;3;15,06332626125;2,027468662;0,35
"PA_168997848010661";"populus_tremuloides";-78,68402;40,72764;5;15,06332626125;2,027468662;0,35
"PA_68313777010538";"populus_tremuloides";-80,03689;41,09366;2;15,06332626125;2,027468662;0,35
"PA_10805107010661";"populus_tremuloides";-77,16636;41,63896;2;15,06332626125;2,027468662;0,35
"PA_10724393010661";"populus_tremuloides";-79,77755;41,72228;1;15,06332626125;2,027468662;0,35
"PA_10700667010661";"populus_tremuloides";-78,41641;40,63895;1;15,06332626125;2,027468662;0,35
"PA_58298245010538";"populus_tremuloides";-79,60187;41,76262;1;15,06332626125;2,027468662;0,35
"PA_76914543010538";"populus_tremuloides";-78,45829;41,95071;1;15,06332626125;2,027468662;0,35
"PA_58300847010538";"populus_tremuloides";-75,33344;41,88401;1;15,06332626125;2,027468662;0,35
"PA_10805161010661";"populus_tremuloides";-77,1108;41,66674;34;15,06332626125;2,027468662;0,35
"PA_58329715010538";"populus_tremuloides";-78,26808;41,07919;4;15,06332626125;2,027468662;0,35
"PA_145020941010661";"populus_tremuloides";-79,833992;42,142204;9;15,06332626125;2,027468662;0,35
"PA_168998012010661";"populus_tremuloides";-79,23799;40,98739;4;15,06332626125;2,027468662;0,35
"PA_10805992010661";"populus_tremuloides";-77,44415;41,97229;6;15,06332626125;2,027468662;0,35
"PA_58301687010538";"populus_tremuloides";-75,09335;41,71042;1;15,06332626125;2,027468662;0,35
"PA_10805439010661";"populus_tremuloides";-77,05525;41,58341;1;15,06332626125;2,027468662;0,35
"PA_10808487010661";"populus_tremuloides";-79,88867;41,30561;1;15,06332626125;2,027468662;0,35
"PA_122561548010661";"populus_tremuloides";-76,29293;41,82467;3;15,06332626125;2,027468662;0,35
"PA_10817748010661";"populus_tremuloides";-75,33295;41,88897;2;15,06332626125;2,027468662;0,35
"PA_168997922010661";"populus_tremuloides";-78,80825;40,81261;6;15,06332626125;2,027468662;0,35
"PA_58359592010538";"populus_tremuloides";-75,109345;41,608753;1;15,06332626125;2,027468662;0,35
"PA_10803428010661";"populus_tremuloides";-77,02747;41,63896;2;15,06332626125;2,027468662;0,35
"PA_122561366010661";"populus_tremuloides";-75,57009;41,51926;1;15,06332626125;2,027468662;0,35
"PA_168997728010661";"populus_tremuloides";-78,27182;40,86402;11;15,06332626125;2,027468662;0,35
"PA_145020819010661";"populus_tremuloides";-79,78078;40,985829;1;15,06332626125;2,027468662;0,35
"PA_10702774010661";"populus_tremuloides";-78,30529;41,5834;2;15,06332626125;2,027468662;0,35
"PA_58395412010538";"populus_tremuloides";-75,935205;41,106832;1;15,06332626125;2,027468662;0,35
"PA_76894586010538";"populus_tremuloides";-80,44647;41,52048;1;15,06332626125;2,027468662;0,35
"PA_58368761010538";"populus_tremuloides";-76,325934;40,841503;1;15,06332626125;2,027468662;0,35
"PA_10730203010661";"populus_tremuloides";-78,91642;41,61117;3;15,06332626125;2,027468662;0,35
"PA_58316490010538";"populus_tremuloides";-77,13526;41,24612;1;15,06332626125;2,027468662;0,35
"PA_113493333010661";"populus_tremuloides";-78,794453;41,279015;1;15,06332626125;2,027468662;0,35
"PA_10803621010661";"populus_tremuloides";-77,19414;41,91674;2;15,06332626125;2,027468662;0,35
"PA_58373023010538";"populus_tremuloides";-80,114882;42,017753;1;15,06332626125;2,027468662;0,35
"PA_58355179010538";"populus_tremuloides";-77,354656;41,658834;6;15,06332626125;2,027468662;0,35
"PA_122561486010661";"populus_tremuloides";-76,24539;41,26428;2;15,06332626125;2,027468662;0,35
"PA_10702945010661";"populus_tremuloides";-78,33307;41,44451;1;15,06332626125;2,027468662;0,35
"PA_58369530010538";"populus_tremuloides";-79,626064;41,650777;1;15,06332626125;2,027468662;0,35
"PA_58258545010538";"populus_tremuloides";-76,60461;41,02693;1;15,06332626125;2,027468662;0,35
"PA_113492343010661";"populus_tremuloides";-75,843172;40,950218;3;15,06332626125;2,027468662;0,35
"PA_145020647010661";"populus_tremuloides";-79,101768;41,027451;32;15,06332626125;2,027468662;0,35
"PA_58381098010538";"populus_tremuloides";-79,780415;41,098964;7;15,06332626125;2,027468662;0,35
"PA_10809272010661";"populus_tremuloides";-79,99978;41,36117;6;15,06332626125;2,027468662;0,35
"PA_58323566010538";"populus_tremuloides";-75,33703;41,34715;4;15,06332626125;2,027468662;0,35
"PA_145020685010661";"populus_tremuloides";-78,951549;41,848034;1;15,06332626125;2,027468662;0,35
"PA_58355598010538";"populus_tremuloides";-79,849722;41,528285;2;15,06332626125;2,027468662;0,35
"PA_122562222010661";"populus_tremuloides";-78,75757;41,10027;8;15,06332626125;2,027468662;0,35
"PA_10807815010661";"populus_tremuloides";-79,86089;41,50006;14;15,06332626125;2,027468662;0,35
"PA_58219528010538";"populus_tremuloides";-80,03689;41,09366;2;15,06332626125;2,027468662;0,35
"PA_10808184010661";"populus_tremuloides";-79,91645;41,50005;5;15,06332626125;2,027468662;0,35
"PA_58266262010538";"populus_tremuloides";-76,65509;41,49238;5;15,06332626125;2,027468662;0,35
"PA_10800467010661";"populus_tremuloides";-76,08298;41,91674;3;15,06332626125;2,027468662;0,35
"PA_10768381010661";"populus_tremuloides";-78,58308;41,86117;2;15,06332626125;2,027468662;0,35
"PA_10792125010661";"populus_tremuloides";-76,41635;40,50009;1;15,06332626125;2,027468662;0,35
"PA_58384116010538";"populus_tremuloides";-75,843172;40,950218;3;15,06332626125;2,027468662;0,35
"PA_58313927010538";"populus_tremuloides";-76,33294;40,27105;1;15,06332626125;2,027468662;0,35
"PA_122561404010661";"populus_tremuloides";-76,07463;40,93118;4;15,06332626125;2,027468662;0,35
"PA_58548662010538";"populus_tremuloides";-79,78078;40,985829;1;15,06332626125;2,027468662;0,35
"PA_113493545010661";"populus_tremuloides";-79,780415;41,098964;7;15,06332626125;2,027468662;0,35
"PA_58357167010538";"populus_tremuloides";-79,445081;41,917901;1;15,06332626125;2,027468662;0,35
"PA_10797968010661";"populus_tremuloides";-76,30521;41,52785;1;15,06332626125;2,027468662;0,35
"PA_58230600010538";"populus_tremuloides";-77,10874;41,67686;6;15,06332626125;2,027468662;0,35
"PA_58406262010538";"populus_tremuloides";-77,926125;41,946401;6;15,06332626125;2,027468662;0,35
"PA_58556387010538";"populus_tremuloides";-79,833992;42,142204;9;15,06332626125;2,027468662;0,35
"PA_10701669010661";"populus_tremuloides";-78,49974;40,63895;1;15,06332626125;2,027468662;0,35
"PA_10727908010661";"populus_tremuloides";-78,72197;41,30562;1;15,06332626125;2,027468662;0,35
"PA_113492221010661";"populus_tremuloides";-75,109345;41,608753;1;15,06332626125;2,027468662;0,35
"PA_10798010010661";"populus_tremuloides";-76,61078;41,52785;3;15,06332626125;2,027468662;0,35
"PA_10704182010661";"populus_tremuloides";-78,33307;41,44451;19;15,06332626125;2,027468662;0,35
"PA_58330134010538";"populus_tremuloides";-78,75757;41,10027;8;15,06332626125;2,027468662;0,35
"PA_58529103010538";"populus_tremuloides";-79,983278;41,288671;4;15,06332626125;2,027468662;0,35
"PA_58267029010538";"populus_tremuloides";-79,44732;41,16681;3;15,06332626125;2,027468662;0,35
"PA_145020307010661";"populus_tremuloides";-78,181951;40,518983;1;15,06332626125;2,027468662;0,35
"PA_58261292010538";"populus_tremuloides";-78,20135;41,95774;1;15,06332626125;2,027468662;0,35
"PA_122561580010661";"populus_tremuloides";-77,13526;41,24612;1;15,06332626125;2,027468662;0,35
"PA_58314433010538";"populus_tremuloides";-76,07463;40,93118;4;15,06332626125;2,027468662;0,35
"PA_58549365010538";"populus_tremuloides";-80,110908;40,999893;3;15,06332626125;2,027468662;0,35
"PA_68295964010538";"populus_tremuloides";-79,44796;41,2307;2;15,06332626125;2,027468662;0,35
"PA_10810145010661";"populus_tremuloides";-79,49977;41,86117;3;15,06332626125;2,027468662;0,35
"PA_76874170010538";"populus_tremuloides";-78,13664;41,65312;22;15,06332626125;2,027468662;0,35
"PA_58312113010538";"populus_tremuloides";-75,57009;41,51926;1;15,06332626125;2,027468662;0,35
"PA_58407323010538";"populus_tremuloides";-76,366043;40,777967;1;15,06332626125;2,027468662;0,35
"PA_68303089010538";"populus_tremuloides";-78,78803;41,50207;1;15,06332626125;2,027468662;0,35
"PA_58267777010538";"populus_tremuloides";-79,56427;41,26534;1;15,06332626125;2,027468662;0,35
"PA_122561428010661";"populus_tremuloides";-76,33294;40,27105;1;15,06332626125;2,027468662;0,35
"PA_76904295010538";"populus_tremuloides";-78,11055;40,49597;8;15,06332626125;2,027468662;0,35
"PA_113493717010661";"populus_tremuloides";-80,114882;42,017753;1;15,06332626125;2,027468662;0,35
"PA_58189639010538";"populus_tremuloides";-77,90607;41,78808;4;15,06332626125;2,027468662;0,35
"PA_58224617010538";"populus_tremuloides";-79,44796;41,2307;2;15,06332626125;2,027468662;0,35
"PA_58383256010538";"populus_tremuloides";-78,275078;41,582301;1;15,06332626125;2,027468662;0,35
"PA_68296677010538";"populus_tremuloides";-78,43529;40,78141;5;15,06332626125;2,027468662;0,35
"PA_10769407010661";"populus_tremuloides";-78,30529;41,72229;1;15,06332626125;2,027468662;0,35
"PA_58255232010538";"populus_tremuloides";-78,45829;41,95071;1;15,06332626125;2,027468662;0,35
"PA_113493585010661";"populus_tremuloides";-79,445081;41,917901;1;15,06332626125;2,027468662;0,35
"PA_168997666010661";"populus_tremuloides";-77,44268;41,98847;5;15,06332626125;2,027468662;0,35
"PA_113492415010661";"populus_tremuloides";-75,935205;41,106832;1;15,06332626125;2,027468662;0,35
"PA_113493731010661";"populus_tremuloides";-80,274004;41,656961;1;15,06332626125;2,027468662;0,35
"PA_58189706010538";"populus_tremuloides";-77,634;41,9896;6;15,06332626125;2,027468662;0,35
"PA_10769445010661";"populus_tremuloides";-78,22196;41,97229;1;15,06332626125;2,027468662;0,35
"PA_58386522010538";"populus_tremuloides";-79,059612;41,471731;7;15,06332626125;2,027468662;0,35
"PA_10798842010661";"populus_tremuloides";-76,63856;41,41674;2;15,06332626125;2,027468662;0,35
"PA_68273152010538";"populus_tremuloides";-78,80825;40,81261;9;15,06332626125;2,027468662;0,35
"PA_145020905010661";"populus_tremuloides";-80,05936;41,137675;2;15,06332626125;2,027468662;0,35
"PA_58189942010538";"populus_tremuloides";-78,01702;41,92893;9;15,06332626125;2,027468662;0,35
"PA_122561464010661";"populus_tremuloides";-75,80806;41,74681;10;15,06332626125;2,027468662;0,35
"PA_68297104010538";"populus_tremuloides";-78,27182;40,86402;12;15,06332626125;2,027468662;0,35
"PA_68318721010538";"populus_tremuloides";-76,08091;41,65174;7;15,06332626125;2,027468662;0,35
"PA_247104897010661";"populus_tremuloides";-75,80806;41,74681;8;15,06332626125;2,027468662;0,35
"PA_122561238010661";"populus_tremuloides";-75,09335;41,71042;1;15,06332626125;2,027468662;0,35
"PA_113493597010661";"populus_tremuloides";-79,626064;41,650777;1;15,06332626125;2,027468662;0,35
"PA_122562742010661";"populus_tremuloides";-80,33798;42,02745;2;15,06332626125;2,027468662;0,35
"PA_58172681010538";"populus_tremuloides";-78,80825;40,81261;9;15,06332626125;2,027468662;0,35
"PA_10732506010661";"populus_tremuloides";-78,91642;41,38895;2;15,06332626125;2,027468662;0,35
"PA_122561242010661";"populus_tremuloides";-75,33344;41,88401;1;15,06332626125;2,027468662;0,35
"PA_10713774010661";"populus_tremuloides";-78,30529;41,02784;2;15,06332626125;2,027468662;0,35
"PA_10799000010661";"populus_tremuloides";-76,66634;41,4723;4;15,06332626125;2,027468662;0,35
"PA_247104405010661";"populus_tremuloides";-79,52299;41,30436;2;15,06332626125;2,027468662;0,35
"PA_122562748010661";"populus_tremuloides";-80,43559;41,80648;18;15,06332626125;2,027468662;0,35
"PA_113493691010661";"populus_tremuloides";-80,190784;41,193237;10;15,06332626125;2,027468662;0,35
"PA_58530536010538";"populus_tremuloides";-79,100917;41,893376;3;15,06332626125;2,027468662;0,35
"PA_58278881010538";"populus_tremuloides";-79,33469;40,7101;8;15,06332626125;2,027468662;0,35
"PA_58225709010538";"populus_tremuloides";-78,27182;40,86402;11;15,06332626125;2,027468662;0,35
"PA_10811077010661";"populus_tremuloides";-79,61088;41,9445;3;15,06332626125;2,027468662;0,35
"PA_10750931010661";"populus_tremuloides";-79,02753;40,5834;4;15,06332626125;2,027468662;0,35
"PA_145020351010661";"populus_tremuloides";-77,726201;41,864309;1;15,06332626125;2,027468662;0,35
"PA_58262907010538";"populus_tremuloides";-78,13664;41,65312;17;15,06332626125;2,027468662;0,35
"PA_113493607010661";"populus_tremuloides";-79,849722;41,528285;2;15,06332626125;2,027468662;0,35
"PA_76894453010538";"populus_tremuloides";-80,16224;41,48807;4;15,06332626125;2,027468662;0,35
"PA_58257819010538";"populus_tremuloides";-75,45245;41,16577;1;15,06332626125;2,027468662;0,35
"PA_76854401010538";"populus_tremuloides";-79,33469;40,7101;10;15,06332626125;2,027468662;0,35
"PA_168998278010661";"populus_tremuloides";-80,03689;41,09366;2;15,06332626125;2,027468662;0,35
"PA_222096052010661";"populus_tremuloides";-76,00441;41,44621;1;15,06332626125;2,027468662;0,35
"PA_145020353010661";"populus_tremuloides";-77,749066;41,818831;1;15,06332626125;2,027468662;0,35
"PA_247104922010661";"populus_tremuloides";-76,33294;40,27105;1;15,06332626125;2,027468662;0,35
"PA_58530849010538";"populus_tremuloides";-79,224487;41,734012;1;15,06332626125;2,027468662;0,35
"PA_222096252010661";"populus_tremuloides";-75,45245;41,16577;2;15,06332626125;2,027468662;0,35
"PA_58269237010538";"populus_tremuloides";-78,35315;40,93537;1;15,06332626125;2,027468662;0,35
"PA_58245312010538";"populus_tremuloides";-78,11055;40,49597;8;15,06332626125;2,027468662;0,35
"PA_58564658010538";"populus_tremuloides";-75,530627;41,499223;2;15,06332626125;2,027468662;0,35
"PA_58332585010538";"populus_tremuloides";-79,97646;41,52876;1;15,06332626125;2,027468662;0,35
"PA_10811328010661";"populus_tremuloides";-79,55533;41,72228;4;15,06332626125;2,027468662;0,35
"PA_10770085010661";"populus_tremuloides";-78,6942;41,97228;1;15,06332626125;2,027468662;0,35
"PA_10714129010661";"populus_tremuloides";-78,66642;40,75006;1;15,06332626125;2,027468662;0,35
"PA_122562940010661";"populus_tremuloides";-79,97646;41,52876;1;15,06332626125;2,027468662;0,35
"PA_122562066010661";"populus_tremuloides";-78,48613;40,71755;18;15,06332626125;2,027468662;0,35
"PA_10813088010661";"populus_tremuloides";-79,13865;41,77784;1;15,06332626125;2,027468662;0,35
"PA_58332689010538";"populus_tremuloides";-79,94036;41,78891;3;15,06332626125;2,027468662;0,35
"PA_122562498010661";"populus_tremuloides";-79,52299;41,30436;1;15,06332626125;2,027468662;0,35
"PA_10733126010661";"populus_tremuloides";-79,88866;42,00005;2;15,06332626125;2,027468662;0,35
"PA_58269498010538";"populus_tremuloides";-78,76729;41,15396;5;15,06332626125;2,027468662;0,35
"PA_10789107010661";"populus_tremuloides";-77,80527;41,77785;3;15,06332626125;2,027468662;0,35
"PA_10811369010661";"populus_tremuloides";-79,49977;41,72228;1;15,06332626125;2,027468662;0,35
"OH_19104898010661";"populus_tremuloides";-80,41646;41,88894;1;15,06332626125;2,027468662;0,35
"PA_222096124010661";"populus_tremuloides";-75,59961;41,48505;8;15,06332626125;2,027468662;0,35
"PA_68320295010538";"populus_tremuloides";-77,44268;41,98847;5;15,06332626125;2,027468662;0,35
"PA_68321621010538";"populus_tremuloides";-77,12587;41,05173;1;15,06332626125;2,027468662;0,35
"PA_145020521010661";"populus_tremuloides";-78,230568;41,895597;4;15,06332626125;2,027468662;0,35
"PA_10789150010661";"populus_tremuloides";-77,74971;41,8334;1;15,06332626125;2,027468662;0,35
"PA_10713599010661";"populus_tremuloides";-78,5553;40,86117;1;15,06332626125;2,027468662;0,35
"PA_122561260010661";"populus_tremuloides";-75,33703;41,34715;4;15,06332626125;2,027468662;0,35
"PA_247104226010661";"populus_tremuloides";-78,26808;41,07919;5;15,06332626125;2,027468662;0,35
"PA_58333012010538";"populus_tremuloides";-80,43559;41,80648;17;15,06332626125;2,027468662;0,35
"PA_68326494010538";"populus_tremuloides";-75,37376;41,36928;11;15,06332626125;2,027468662;0,35
"PA_10714458010661";"populus_tremuloides";-78,08306;41,13895;2;15,06332626125;2,027468662;0,35
"PA_58333803010538";"populus_tremuloides";-80,01761;41,6157;1;15,06332626125;2,027468662;0,35
"PA_10733471010661";"populus_tremuloides";-79,88866;42,11117;2;15,06332626125;2,027468662;0,35
"PA_10812516010661";"populus_tremuloides";-79,11088;41,91673;4;15,06332626125;2,027468662;0,35
"PA_10713691010661";"populus_tremuloides";-78,49975;40,9445;2;15,06332626125;2,027468662;0,35
"PA_58546000010538";"populus_tremuloides";-78,181951;40,518983;1;15,06332626125;2,027468662;0,35
"PA_122562584010661";"populus_tremuloides";-79,60187;41,76262;1;15,06332626125;2,027468662;0,35
"PA_145021161010661";"populus_tremuloides";-79,983278;41,288671;4;15,06332626125;2,027468662;0,35
"PA_145021173010661";"populus_tremuloides";-75,530627;41,499223;2;15,06332626125;2,027468662;0,35
"PA_10783441010661";"populus_tremuloides";-75,33296;41,3612;1;15,06332626125;2,027468662;0,35
"PA_10695796010661";"populus_tremuloides";-76,49967;41,61119;2;15,06332626125;2,027468662;0,35
"PA_76890218010538";"populus_tremuloides";-76,00441;41,44621;1;15,06332626125;2,027468662;0,35
"PA_145021175010661";"populus_tremuloides";-76,2639;40,256185;1;15,06332626125;2,027468662;0,35
"PA_168997232010661";"populus_tremuloides";-76,08091;41,65174;6;15,06332626125;2,027468662;0,35
"PA_122562812010661";"populus_tremuloides";-77,40885;41,64833;1;15,06332626125;2,027468662;0,35
"PA_247104824010661";"populus_tremuloides";-77,13526;41,24612;1;15,06332626125;2,027468662;0,35
"PA_122562822010661";"populus_tremuloides";-78,26808;41,07919;5;15,06332626125;2,027468662;0,35
"PA_10734210010661";"populus_tremuloides";-80,49979;41,86117;5;15,06332626125;2,027468662;0,35
"PA_247104264010661";"populus_tremuloides";-80,33798;42,02745;1;15,06332626125;2,027468662;0,35
"PA_168997320010661";"populus_tremuloides";-76,29006;41,89592;1;15,06332626125;2,027468662;0,35
"PA_247104242010661";"populus_tremuloides";-77,40885;41,64833;1;15,06332626125;2,027468662;0,35
"PA_247104265010661";"populus_tremuloides";-80,36786;41,94155;4;15,06332626125;2,027468662;0,35
"PA_68323003010538";"populus_tremuloides";-79,82865;41,47272;7;15,06332626125;2,027468662;0,35
"PA_247104966010661";"populus_tremuloides";-76,07463;40,93118;3;15,06332626125;2,027468662;0,35
"PA_10740494010661";"populus_tremuloides";-79,08309;41,44451;2;15,06332626125;2,027468662;0,35
"PA_222095636010661";"populus_tremuloides";-77,10874;41,67686;6;15,06332626125;2,027468662;0,35
"PA_10694618010661";"populus_tremuloides";-76,66634;41,88896;1;15,06332626125;2,027468662;0,35
"PA_247104267010661";"populus_tremuloides";-80,43559;41,80648;12;15,06332626125;2,027468662;0,35
"PA_76891108010538";"populus_tremuloides";-78,44173;40,81778;2;15,06332626125;2,027468662;0,35
"PA_10740567010661";"populus_tremuloides";-78,99976;41,47228;1;15,06332626125;2,027468662;0,35
"PA_76869007010538";"populus_tremuloides";-75,45245;41,16577;2;15,06332626125;2,027468662;0,35
"PA_76869719010538";"populus_tremuloides";-76,60461;41,02693;1;15,06332626125;2,027468662;0,35
"PA_247104564010661";"populus_tremuloides";-78,75929;40,48474;2;15,06332626125;2,027468662;0,35
"PA_168998562010661";"populus_tremuloides";-80,0699;41,33376;2;15,06332626125;2,027468662;0,35
"PA_10717377010661";"populus_tremuloides";-78,0275;41,16673;3;15,06332626125;2,027468662;0,35
"PA_76891227010538";"populus_tremuloides";-78,35315;40,93537;1;15,06332626125;2,027468662;0,35
"PA_168998492010661";"populus_tremuloides";-77,634;41,9896;7;15,06332626125;2,027468662;0,35
"PA_10786872010661";"populus_tremuloides";-77,99972;41,63895;5;15,06332626125;2,027468662;0,35
"PA_10734527010661";"populus_tremuloides";-79,91644;41,9445;18;15,06332626125;2,027468662;0,35
"PA_222095634010661";"populus_tremuloides";-77,1697;41,6776;1;15,06332626125;2,027468662;0,35
"PA_10786944010661";"populus_tremuloides";-77,77749;41,63896;1;15,06332626125;2,027468662;0,35
"PA_76880127010538";"populus_tremuloides";-77,10874;41,67686;7;15,06332626125;2,027468662;0,35
"PA_168997076010661";"populus_tremuloides";-75,87837;41,40714;1;15,06332626125;2,027468662;0,35
"PA_76891529010538";"populus_tremuloides";-78,76729;41,15396;5;15,06332626125;2,027468662;0,35
"PA_68328947010538";"populus_tremuloides";-75,95498;41,56603;1;15,06332626125;2,027468662;0,35
"PA_10787091010661";"populus_tremuloides";-77,61082;41,52785;2;15,06332626125;2,027468662;0,35
"PA_10694921010661";"populus_tremuloides";-76,38855;41,94452;5;15,06332626125;2,027468662;0,35
"PA_222095274010661";"populus_tremuloides";-78,20135;41,95774;1;15,06332626125;2,027468662;0,35
"PA_122562644010661";"populus_tremuloides";-79,94036;41,78891;3;15,06332626125;2,027468662;0,35
"PA_10734702010661";"populus_tremuloides";-79,41643;39,86119;1;15,06332626125;2,027468662;0,35
"PA_58197931010538";"populus_tremuloides";-77,12587;41,05173;1;15,06332626125;2,027468662;0,35
"PA_222094658010661";"populus_tremuloides";-79,51508;41,96919;7;15,06332626125;2,027468662;0,35
"PA_58240282010538";"populus_tremuloides";-76,00441;41,44621;1;15,06332626125;2,027468662;0,35
"PA_247104313010661";"populus_tremuloides";-79,94036;41,78891;2;15,06332626125;2,027468662;0,35
"PA_58272394010538";"populus_tremuloides";-80,16224;41,48807;4;15,06332626125;2,027468662;0,35
"PA_247104554010661";"populus_tremuloides";-78,75757;41,10027;5;15,06332626125;2,027468662;0,35
"PA_122562152010661";"populus_tremuloides";-78,75929;40,48474;10;15,06332626125;2,027468662;0,35
"PA_58202604010538";"populus_tremuloides";-75,37376;41,36928;11;15,06332626125;2,027468662;0,35
"PA_247104318010661";"populus_tremuloides";-80,01761;41,6157;1;15,06332626125;2,027468662;0,35
"PA_58195120010538";"populus_tremuloides";-76,08091;41,65174;6;15,06332626125;2,027468662;0,35
"PA_168998450010661";"populus_tremuloides";-76,84898;40,08674;1;15,06332626125;2,027468662;0,35
"PA_122562654010661";"populus_tremuloides";-80,01761;41,6157;1;15,06332626125;2,027468662;0,35
"PA_58272534010538";"populus_tremuloides";-80,44647;41,52048;1;15,06332626125;2,027468662;0,35
"PA_168996984010661";"populus_tremuloides";-75,37376;41,36928;11;15,06332626125;2,027468662;0,35
"PA_10695170010661";"populus_tremuloides";-76,55522;41,75007;3;15,06332626125;2,027468662;0,35
"PA_58195221010538";"populus_tremuloides";-75,52997;41,88798;2;15,06332626125;2,027468662;0,35
"PA_247104674010661";"populus_tremuloides";-77,32525;41,80429;6;15,06332626125;2,027468662;0,35
"PA_10773381010661";"populus_tremuloides";-78,88865;41,66673;2;15,06332626125;2,027468662;0,35
"PA_10707567010661";"populus_tremuloides";-78,11084;40,86117;2;15,06332626125;2,027468662;0,35
"PA_10786341010661";"populus_tremuloides";-77,72193;41,66673;2;15,06332626125;2,027468662;0,35
"PA_247104675010661";"populus_tremuloides";-77,43897;41,88066;36;15,06332626125;2,027468662;0,35
"PA_76866903010538";"populus_tremuloides";-79,44732;41,16681;3;15,06332626125;2,027468662;0,35
"PA_76867689010538";"populus_tremuloides";-79,56427;41,26534;1;15,06332626125;2,027468662;0,35
"PA_10780577010661";"populus_tremuloides";-76,41634;40,77786;14;15,06332626125;2,027468662;0,35
"PA_58569778010538";"populus_tremuloides";-78,230568;41,895597;4;15,06332626125;2,027468662;0,35
"PA_10698789010661";"populus_tremuloides";-79,94422;40,91673;4;15,06332626125;2,027468662;0,35
"PA_247104859010661";"populus_tremuloides";-76,29293;41,82467;5;15,06332626125;2,027468662;0,35
"PA_10780520010661";"populus_tremuloides";-76,4719;40,77786;3;15,06332626125;2,027468662;0,35
"PA_222095222010661";"populus_tremuloides";-78,93321;40,85404;7;15,06332626125;2,027468662;0,35
"PA_10773647010661";"populus_tremuloides";-80,16645;41,36117;1;15,06332626125;2,027468662;0,35
"PA_58205014010538";"populus_tremuloides";-75,95498;41,56603;1;15,06332626125;2,027468662;0,35
"PA_68329852010538";"populus_tremuloides";-76,84898;40,08674;1;15,06332626125;2,027468662;0,35
"PA_10760732010661";"populus_tremuloides";-75,86075;41,36119;1;15,06332626125;2,027468662;0,35
"PA_10773782010661";"populus_tremuloides";-80,44424;41,27783;2;15,06332626125;2,027468662;0,35
"PA_10760652010661";"populus_tremuloides";-76,08298;41,19453;6;15,06332626125;2,027468662;0,35
"PA_10760166010661";"populus_tremuloides";-76,08299;40,91675;7;15,06332626125;2,027468662;0,35
"PA_58577054010538";"populus_tremuloides";-77,726201;41,864309;1;15,06332626125;2,027468662;0,35
"PA_222095384010661";"populus_tremuloides";-78,13664;41,65312;21;15,06332626125;2,027468662;0,35
"PA_10788453010661";"populus_tremuloides";-77,66638;41,8334;20;15,06332626125;2,027468662;0,35
"PA_76872593010538";"populus_tremuloides";-78,20135;41,95774;1;15,06332626125;2,027468662;0,35
"PA_10776606010661";"populus_tremuloides";-75,24963;41,19453;1;15,06332626125;2,027468662;0,35
"PA_10708420010661";"populus_tremuloides";-77,47194;40,91673;1;15,06332626125;2,027468662;0,35
"PA_58183276010538";"populus_tremuloides";-80,0699;41,33376;2;15,06332626125;2,027468662;0,35
"PA_10710981010661";"populus_tremuloides";-79,27754;41,05562;1;15,06332626125;2,027468662;0,35
"PA_10773894010661";"populus_tremuloides";-80,16645;41,38894;1;15,06332626125;2,027468662;0,35
"PA_58205961010538";"populus_tremuloides";-76,84898;40,08674;1;15,06332626125;2,027468662;0,35
"PA_222094898010661";"populus_tremuloides";-80,01058;41,30409;1;15,06332626125;2,027468662;0,35
"PA_222095318010661";"populus_tremuloides";-78,44173;40,81778;2;15,06332626125;2,027468662;0,35
"PA_222094854010661";"populus_tremuloides";-80,16224;41,48807;4;15,06332626125;2,027468662;0,35
"PA_10761726010661";"populus_tremuloides";-76,16632;41,00008;1;15,06332626125;2,027468662;0,35
"PA_168997164010661";"populus_tremuloides";-75,95498;41,56603;1;15,06332626125;2,027468662;0,35
"PA_10753005010661";"populus_tremuloides";-78,80531;41,16673;1;15,06332626125;2,027468662;0,35
"PA_222095104010661";"populus_tremuloides";-79,44732;41,16681;3;15,06332626125;2,027468662;0,35
"PA_222094696010661";"populus_tremuloides";-78,76729;41,15396;4;15,06332626125;2,027468662;0,35
"PA_222095184010661";"populus_tremuloides";-78,45829;41,95071;1;15,06332626125;2,027468662;0,35
"PA_247104349010661";"populus_tremuloides";-79,60187;41,76262;1;15,06332626125;2,027468662;0,35
"PA_145019625010661";"populus_tremuloides";-75,287244;41,566859;2;15,06332626125;2,027468662;0,35
"PA_222094804010661";"populus_tremuloides";-80,44647;41,52048;1;15,06332626125;2,027468662;0,35
"PA_222095324010661";"populus_tremuloides";-78,35315;40,93537;1;15,06332626125;2,027468662;0,35
"PA_222094712010661";"populus_tremuloides";-76,6417;40,94814;9;15,06332626125;2,027468662;0,35
"PA_58186273010538";"populus_tremuloides";-76,61303;40,77218;1;15,06332626125;2,027468662;0,35
"PA_247104619010661";"populus_tremuloides";-78,48613;40,71755;15;15,06332626125;2,027468662;0,35
"PA_145019889010661";"populus_tremuloides";-76,273477;41,706851;1;15,06332626125;2,027468662;0,35
"PA_10711399010661";"populus_tremuloides";-79,3331;41,0834;1;15,06332626125;2,027468662;0,35
"PA_10772753010661";"populus_tremuloides";-78,80531;41,69451;1;15,06332626125;2,027468662;0,35
"PA_10737644010661";"populus_tremuloides";-79,16643;41,41673;2;15,06332626125;2,027468662;0,35
"PA_222095488010661";"populus_tremuloides";-78,11055;40,49597;1;15,06332626125;2,027468662;0,35
"PA_222095128010661";"populus_tremuloides";-79,50242;40,09794;1;15,06332626125;2,027468662;0,35
"PA_76884059010538";"populus_tremuloides";-79,51508;41,96919;7;15,06332626125;2,027468662;0,35
"PA_145019645010661";"populus_tremuloides";-75,567185;41,117392;1;15,06332626125;2,027468662;0,35
"PA_10772803010661";"populus_tremuloides";-78,83309;41,69451;1;15,06332626125;2,027468662;0,35
"PA_222095172010661";"populus_tremuloides";-79,33469;40,7101;10;15,06332626125;2,027468662;0,35
"PA_113493845010661";"quercus_macrocarpa";-78,442684;40,424428;2;11,017003685;2,3022627345;0,58
"PA_58377994010538";"quercus_macrocarpa";-78,442684;40,424428;3;11,017003685;2,3022627345;0,58
