"species","order","site","longitude","latitude","count","adult_body_mass","gestation_length","litter_size","max_longevity","sexual_maturity_age","diet_breadth"
"sp_001","Cetartiodactyla","fb_103",7.27182050900007,59.097357489,1,461900.76,235,1.25,324,668.2,1
"sp_001","Cetartiodactyla","fb_1001",20.7718205090001,52.597357489,1,461900.76,235,1.25,324,668.2,1
"sp_001","Cetartiodactyla","fb_102",6.77182050900007,59.097357489,1,461900.76,235,1.25,324,668.2,1
"sp_001","Cetartiodactyla","fb_104",7.77182050900007,59.097357489,1,461900.76,235,1.25,324,668.2,1
"sp_001","Cetartiodactyla","fb_101",6.27182050900007,59.097357489,1,461900.76,235,1.25,324,668.2,1
"sp_001","Cetartiodactyla","fb_1000",20.2718205090001,52.597357489,1,461900.76,235,1.25,324,668.2,1
"sp_001","Cetartiodactyla","fb_1002",21.2718205090001,52.597357489,1,461900.76,235,1.25,324,668.2,1
"sp_002","Rodentia","fb_1000",20.2718205090001,52.597357489,1,21.11,19.89,5.64,48,76.04,NA
"sp_002","Rodentia","fb_1002",21.2718205090001,52.597357489,1,21.11,19.89,5.64,48,76.04,NA
"sp_002","Rodentia","fb_1001",20.7718205090001,52.597357489,1,21.11,19.89,5.64,48,76.04,NA
"sp_005","Rodentia","fb_1022",-2.22817949099993,52.097357489,1,31.6,24.5,4.94,48,43.27,NA
"sp_005","Rodentia","fb_1018",-4.22817949099993,52.097357489,1,31.6,24.5,4.94,48,43.27,NA
"sp_005","Rodentia","fb_1024",-1.22817949099993,52.097357489,1,31.6,24.5,4.94,48,43.27,NA
"sp_005","Rodentia","fb_1002",21.2718205090001,52.597357489,1,31.6,24.5,4.94,48,43.27,NA
"sp_005","Rodentia","fb_1025",-0.728179490999928,52.097357489,1,31.6,24.5,4.94,48,43.27,NA
"sp_005","Rodentia","fb_1001",20.7718205090001,52.597357489,1,31.6,24.5,4.94,48,43.27,NA
"sp_005","Rodentia","fb_1026",-0.228179490999928,52.097357489,1,31.6,24.5,4.94,48,43.27,NA
"sp_005","Rodentia","fb_1021",-2.72817949099993,52.097357489,1,31.6,24.5,4.94,48,43.27,NA
"sp_005","Rodentia","fb_1019",-3.72817949099993,52.097357489,1,31.6,24.5,4.94,48,43.27,NA
"sp_005","Rodentia","fb_1000",20.2718205090001,52.597357489,1,31.6,24.5,4.94,48,43.27,NA
"sp_005","Rodentia","fb_1017",-4.72817949099993,52.097357489,1,31.6,24.5,4.94,48,43.27,NA
"sp_005","Rodentia","fb_1020",-3.22817949099993,52.097357489,1,31.6,24.5,4.94,48,43.27,NA
"sp_005","Rodentia","fb_1028",0.771820509000072,52.097357489,1,31.6,24.5,4.94,48,43.27,NA
"sp_005","Rodentia","fb_1029",1.27182050900007,52.097357489,1,31.6,24.5,4.94,48,43.27,NA
"sp_005","Rodentia","fb_1027",0.271820509000072,52.097357489,1,31.6,24.5,4.94,48,43.27,NA
"sp_005","Rodentia","fb_1023",-1.72817949099993,52.097357489,1,31.6,24.5,4.94,48,43.27,NA
"sp_006","Rodentia","fb_100",5.77182050900007,59.097357489,1,21.9,23.68,5.16,52.8,57.93,4
"sp_006","Rodentia","fb_1010",-8.22817949099993,52.097357489,1,21.9,23.68,5.16,52.8,57.93,4
"sp_006","Rodentia","fb_1017",-4.72817949099993,52.097357489,1,21.9,23.68,5.16,52.8,57.93,4
"sp_006","Rodentia","fb_1001",20.7718205090001,52.597357489,1,21.9,23.68,5.16,52.8,57.93,4
"sp_006","Rodentia","fb_1026",-0.228179490999928,52.097357489,1,21.9,23.68,5.16,52.8,57.93,4
"sp_006","Rodentia","fb_1020",-3.22817949099993,52.097357489,1,21.9,23.68,5.16,52.8,57.93,4
"sp_006","Rodentia","fb_1000",20.2718205090001,52.597357489,1,21.9,23.68,5.16,52.8,57.93,4
"sp_006","Rodentia","fb_1040",6.77182050900007,52.097357489,1,21.9,23.68,5.16,52.8,57.93,4
"sp_006","Rodentia","fb_103",7.27182050900007,59.097357489,1,21.9,23.68,5.16,52.8,57.93,4
"sp_006","Rodentia","fb_1038",5.77182050900007,52.097357489,1,21.9,23.68,5.16,52.8,57.93,4
"sp_006","Rodentia","fb_1035",4.27182050900007,52.097357489,1,21.9,23.68,5.16,52.8,57.93,4
"sp_006","Rodentia","fb_101",6.27182050900007,59.097357489,1,21.9,23.68,5.16,52.8,57.93,4
"sp_006","Rodentia","fb_1008",-9.22817949099993,52.097357489,1,21.9,23.68,5.16,52.8,57.93,4
"sp_006","Rodentia","fb_1028",0.771820509000072,52.097357489,1,21.9,23.68,5.16,52.8,57.93,4
"sp_006","Rodentia","fb_1023",-1.72817949099993,52.097357489,1,21.9,23.68,5.16,52.8,57.93,4
"sp_006","Rodentia","fb_1039",6.27182050900007,52.097357489,1,21.9,23.68,5.16,52.8,57.93,4
"sp_006","Rodentia","fb_1024",-1.22817949099993,52.097357489,1,21.9,23.68,5.16,52.8,57.93,4
"sp_006","Rodentia","fb_1007",-9.72817949099993,52.097357489,1,21.9,23.68,5.16,52.8,57.93,4
"sp_006","Rodentia","fb_102",6.77182050900007,59.097357489,1,21.9,23.68,5.16,52.8,57.93,4
"sp_006","Rodentia","fb_1021",-2.72817949099993,52.097357489,1,21.9,23.68,5.16,52.8,57.93,4
"sp_006","Rodentia","fb_1037",5.27182050900007,52.097357489,1,21.9,23.68,5.16,52.8,57.93,4
"sp_006","Rodentia","fb_1011",-7.72817949099993,52.097357489,1,21.9,23.68,5.16,52.8,57.93,4
"sp_006","Rodentia","fb_1027",0.271820509000072,52.097357489,1,21.9,23.68,5.16,52.8,57.93,4
"sp_006","Rodentia","fb_1036",4.77182050900007,52.097357489,1,21.9,23.68,5.16,52.8,57.93,4
"sp_006","Rodentia","fb_1029",1.27182050900007,52.097357489,1,21.9,23.68,5.16,52.8,57.93,4
"sp_006","Rodentia","fb_1002",21.2718205090001,52.597357489,1,21.9,23.68,5.16,52.8,57.93,4
"sp_006","Rodentia","fb_1025",-0.728179490999928,52.097357489,1,21.9,23.68,5.16,52.8,57.93,4
"sp_006","Rodentia","fb_1022",-2.22817949099993,52.097357489,1,21.9,23.68,5.16,52.8,57.93,4
"sp_006","Rodentia","fb_1019",-3.72817949099993,52.097357489,1,21.9,23.68,5.16,52.8,57.93,4
"sp_006","Rodentia","fb_1009",-8.72817949099993,52.097357489,1,21.9,23.68,5.16,52.8,57.93,4
"sp_006","Rodentia","fb_1018",-4.22817949099993,52.097357489,1,21.9,23.68,5.16,52.8,57.93,4
"sp_006","Rodentia","fb_104",7.77182050900007,59.097357489,1,21.9,23.68,5.16,52.8,57.93,4
"sp_010","Chiroptera","fb_1017",-4.72817949099993,52.097357489,1,8.31,NA,1.73,252,NA,1
"sp_010","Chiroptera","fb_1001",20.7718205090001,52.597357489,1,8.31,NA,1.73,252,NA,1
"sp_010","Chiroptera","fb_1038",5.77182050900007,52.097357489,1,8.31,NA,1.73,252,NA,1
"sp_010","Chiroptera","fb_1000",20.2718205090001,52.597357489,1,8.31,NA,1.73,252,NA,1
"sp_010","Chiroptera","fb_1025",-0.728179490999928,52.097357489,1,8.31,NA,1.73,252,NA,1
"sp_010","Chiroptera","fb_1023",-1.72817949099993,52.097357489,1,8.31,NA,1.73,252,NA,1
"sp_010","Chiroptera","fb_1021",-2.72817949099993,52.097357489,1,8.31,NA,1.73,252,NA,1
"sp_010","Chiroptera","fb_1035",4.27182050900007,52.097357489,1,8.31,NA,1.73,252,NA,1
"sp_010","Chiroptera","fb_1037",5.27182050900007,52.097357489,1,8.31,NA,1.73,252,NA,1
"sp_010","Chiroptera","fb_1040",6.77182050900007,52.097357489,1,8.31,NA,1.73,252,NA,1
"sp_010","Chiroptera","fb_1027",0.271820509000072,52.097357489,1,8.31,NA,1.73,252,NA,1
"sp_010","Chiroptera","fb_1019",-3.72817949099993,52.097357489,1,8.31,NA,1.73,252,NA,1
"sp_010","Chiroptera","fb_1039",6.27182050900007,52.097357489,1,8.31,NA,1.73,252,NA,1
"sp_010","Chiroptera","fb_1018",-4.22817949099993,52.097357489,1,8.31,NA,1.73,252,NA,1
"sp_010","Chiroptera","fb_1029",1.27182050900007,52.097357489,1,8.31,NA,1.73,252,NA,1
"sp_010","Chiroptera","fb_1024",-1.22817949099993,52.097357489,1,8.31,NA,1.73,252,NA,1
"sp_010","Chiroptera","fb_1022",-2.22817949099993,52.097357489,1,8.31,NA,1.73,252,NA,1
"sp_010","Chiroptera","fb_1002",21.2718205090001,52.597357489,1,8.31,NA,1.73,252,NA,1
"sp_010","Chiroptera","fb_1028",0.771820509000072,52.097357489,1,8.31,NA,1.73,252,NA,1
"sp_010","Chiroptera","fb_1026",-0.228179490999928,52.097357489,1,8.31,NA,1.73,252,NA,1
"sp_010","Chiroptera","fb_1036",4.77182050900007,52.097357489,1,8.31,NA,1.73,252,NA,1
"sp_010","Chiroptera","fb_1020",-3.22817949099993,52.097357489,1,8.31,NA,1.73,252,NA,1
"sp_013","Carnivora","fb_1040",6.77182050900007,52.097357489,1,31756.51,63.5,4.98,354,679.37,1
"sp_013","Carnivora","fb_103",7.27182050900007,59.097357489,1,31756.51,63.5,4.98,354,679.37,1
"sp_013","Carnivora","fb_104",7.77182050900007,59.097357489,1,31756.51,63.5,4.98,354,679.37,1
"sp_013","Carnivora","fb_1001",20.7718205090001,52.597357489,1,31756.51,63.5,4.98,354,679.37,1
"sp_013","Carnivora","fb_101",6.27182050900007,59.097357489,1,31756.51,63.5,4.98,354,679.37,1
"sp_013","Carnivora","fb_1002",21.2718205090001,52.597357489,1,31756.51,63.5,4.98,354,679.37,1
"sp_013","Carnivora","fb_1000",20.2718205090001,52.597357489,1,31756.51,63.5,4.98,354,679.37,1
"sp_013","Carnivora","fb_102",6.77182050900007,59.097357489,1,31756.51,63.5,4.98,354,679.37,1
"sp_016","Cetartiodactyla","fb_1019",-3.72817949099993,52.097357489,1,22502.01,196,1.79,204,400.97,NA
"sp_016","Cetartiodactyla","fb_1000",20.2718205090001,52.597357489,1,22502.01,196,1.79,204,400.97,NA
"sp_016","Cetartiodactyla","fb_1027",0.271820509000072,52.097357489,1,22502.01,196,1.79,204,400.97,NA
"sp_016","Cetartiodactyla","fb_1038",5.77182050900007,52.097357489,1,22502.01,196,1.79,204,400.97,NA
"sp_016","Cetartiodactyla","fb_1023",-1.72817949099993,52.097357489,1,22502.01,196,1.79,204,400.97,NA
"sp_016","Cetartiodactyla","fb_1002",21.2718205090001,52.597357489,1,22502.01,196,1.79,204,400.97,NA
"sp_016","Cetartiodactyla","fb_1024",-1.22817949099993,52.097357489,1,22502.01,196,1.79,204,400.97,NA
"sp_016","Cetartiodactyla","fb_1021",-2.72817949099993,52.097357489,1,22502.01,196,1.79,204,400.97,NA
"sp_016","Cetartiodactyla","fb_1020",-3.22817949099993,52.097357489,1,22502.01,196,1.79,204,400.97,NA
"sp_016","Cetartiodactyla","fb_1022",-2.22817949099993,52.097357489,1,22502.01,196,1.79,204,400.97,NA
"sp_016","Cetartiodactyla","fb_1028",0.771820509000072,52.097357489,1,22502.01,196,1.79,204,400.97,NA
"sp_016","Cetartiodactyla","fb_1040",6.77182050900007,52.097357489,1,22502.01,196,1.79,204,400.97,NA
"sp_016","Cetartiodactyla","fb_103",7.27182050900007,59.097357489,1,22502.01,196,1.79,204,400.97,NA
"sp_016","Cetartiodactyla","fb_1026",-0.228179490999928,52.097357489,1,22502.01,196,1.79,204,400.97,NA
"sp_016","Cetartiodactyla","fb_101",6.27182050900007,59.097357489,1,22502.01,196,1.79,204,400.97,NA
"sp_016","Cetartiodactyla","fb_1039",6.27182050900007,52.097357489,1,22502.01,196,1.79,204,400.97,NA
"sp_016","Cetartiodactyla","fb_1025",-0.728179490999928,52.097357489,1,22502.01,196,1.79,204,400.97,NA
"sp_016","Cetartiodactyla","fb_1035",4.27182050900007,52.097357489,1,22502.01,196,1.79,204,400.97,NA
"sp_016","Cetartiodactyla","fb_1029",1.27182050900007,52.097357489,1,22502.01,196,1.79,204,400.97,NA
"sp_016","Cetartiodactyla","fb_104",7.77182050900007,59.097357489,1,22502.01,196,1.79,204,400.97,NA
"sp_016","Cetartiodactyla","fb_1036",4.77182050900007,52.097357489,1,22502.01,196,1.79,204,400.97,NA
"sp_016","Cetartiodactyla","fb_1037",5.27182050900007,52.097357489,1,22502.01,196,1.79,204,400.97,NA
"sp_016","Cetartiodactyla","fb_1001",20.7718205090001,52.597357489,1,22502.01,196,1.79,204,400.97,NA
"sp_016","Cetartiodactyla","fb_102",6.77182050900007,59.097357489,1,22502.01,196,1.79,204,400.97,NA
"sp_017","Cetartiodactyla","fb_1022",-2.22817949099993,52.097357489,1,240867.13,235.61,1.09,321.6,659.91,5
"sp_017","Cetartiodactyla","fb_1025",-0.728179490999928,52.097357489,1,240867.13,235.61,1.09,321.6,659.91,5
"sp_017","Cetartiodactyla","fb_1040",6.77182050900007,52.097357489,1,240867.13,235.61,1.09,321.6,659.91,5
"sp_017","Cetartiodactyla","fb_102",6.77182050900007,59.097357489,1,240867.13,235.61,1.09,321.6,659.91,5
"sp_017","Cetartiodactyla","fb_1028",0.771820509000072,52.097357489,1,240867.13,235.61,1.09,321.6,659.91,5
"sp_017","Cetartiodactyla","fb_1023",-1.72817949099993,52.097357489,1,240867.13,235.61,1.09,321.6,659.91,5
"sp_017","Cetartiodactyla","fb_1007",-9.72817949099993,52.097357489,1,240867.13,235.61,1.09,321.6,659.91,5
"sp_017","Cetartiodactyla","fb_1026",-0.228179490999928,52.097357489,1,240867.13,235.61,1.09,321.6,659.91,5
"sp_017","Cetartiodactyla","fb_101",6.27182050900007,59.097357489,1,240867.13,235.61,1.09,321.6,659.91,5
"sp_017","Cetartiodactyla","fb_1027",0.271820509000072,52.097357489,1,240867.13,235.61,1.09,321.6,659.91,5
"sp_017","Cetartiodactyla","fb_1002",21.2718205090001,52.597357489,1,240867.13,235.61,1.09,321.6,659.91,5
"sp_017","Cetartiodactyla","fb_1024",-1.22817949099993,52.097357489,1,240867.13,235.61,1.09,321.6,659.91,5
"sp_017","Cetartiodactyla","fb_1001",20.7718205090001,52.597357489,1,240867.13,235.61,1.09,321.6,659.91,5
"sp_017","Cetartiodactyla","fb_1038",5.77182050900007,52.097357489,1,240867.13,235.61,1.09,321.6,659.91,5
"sp_017","Cetartiodactyla","fb_103",7.27182050900007,59.097357489,1,240867.13,235.61,1.09,321.6,659.91,5
"sp_017","Cetartiodactyla","fb_104",7.77182050900007,59.097357489,1,240867.13,235.61,1.09,321.6,659.91,5
"sp_017","Cetartiodactyla","fb_1029",1.27182050900007,52.097357489,1,240867.13,235.61,1.09,321.6,659.91,5
"sp_017","Cetartiodactyla","fb_1000",20.2718205090001,52.597357489,1,240867.13,235.61,1.09,321.6,659.91,5
"sp_017","Cetartiodactyla","fb_1039",6.27182050900007,52.097357489,1,240867.13,235.61,1.09,321.6,659.91,5
"sp_022","Eulipotyphla","fb_1039",6.27182050900007,52.097357489,1,9.89,29,4.04,38.4,66.88,2
"sp_022","Eulipotyphla","fb_1040",6.77182050900007,52.097357489,1,9.89,29,4.04,38.4,66.88,2
"sp_022","Eulipotyphla","fb_1038",5.77182050900007,52.097357489,1,9.89,29,4.04,38.4,66.88,2
"sp_022","Eulipotyphla","fb_1036",4.77182050900007,52.097357489,1,9.89,29,4.04,38.4,66.88,2
"sp_022","Eulipotyphla","fb_1035",4.27182050900007,52.097357489,1,9.89,29,4.04,38.4,66.88,2
"sp_022","Eulipotyphla","fb_1037",5.27182050900007,52.097357489,1,9.89,29,4.04,38.4,66.88,2
"sp_026","Cetartiodactyla","fb_1025",-0.728179490999928,52.097357489,1,57224.61,230,1,300,543.28,2
"sp_026","Cetartiodactyla","fb_1038",5.77182050900007,52.097357489,1,57224.61,230,1,300,543.28,2
"sp_026","Cetartiodactyla","fb_1020",-3.22817949099993,52.097357489,1,57224.61,230,1,300,543.28,2
"sp_026","Cetartiodactyla","fb_1010",-8.22817949099993,52.097357489,1,57224.61,230,1,300,543.28,2
"sp_026","Cetartiodactyla","fb_1035",4.27182050900007,52.097357489,1,57224.61,230,1,300,543.28,2
"sp_026","Cetartiodactyla","fb_1021",-2.72817949099993,52.097357489,1,57224.61,230,1,300,543.28,2
"sp_026","Cetartiodactyla","fb_1019",-3.72817949099993,52.097357489,1,57224.61,230,1,300,543.28,2
"sp_026","Cetartiodactyla","fb_1000",20.2718205090001,52.597357489,1,57224.61,230,1,300,543.28,2
"sp_026","Cetartiodactyla","fb_1007",-9.72817949099993,52.097357489,1,57224.61,230,1,300,543.28,2
"sp_026","Cetartiodactyla","fb_1023",-1.72817949099993,52.097357489,1,57224.61,230,1,300,543.28,2
"sp_026","Cetartiodactyla","fb_1028",0.771820509000072,52.097357489,1,57224.61,230,1,300,543.28,2
"sp_026","Cetartiodactyla","fb_1040",6.77182050900007,52.097357489,1,57224.61,230,1,300,543.28,2
"sp_026","Cetartiodactyla","fb_1008",-9.22817949099993,52.097357489,1,57224.61,230,1,300,543.28,2
"sp_026","Cetartiodactyla","fb_1017",-4.72817949099993,52.097357489,1,57224.61,230,1,300,543.28,2
"sp_026","Cetartiodactyla","fb_1027",0.271820509000072,52.097357489,1,57224.61,230,1,300,543.28,2
"sp_026","Cetartiodactyla","fb_1026",-0.228179490999928,52.097357489,1,57224.61,230,1,300,543.28,2
"sp_026","Cetartiodactyla","fb_1029",1.27182050900007,52.097357489,1,57224.61,230,1,300,543.28,2
"sp_026","Cetartiodactyla","fb_1039",6.27182050900007,52.097357489,1,57224.61,230,1,300,543.28,2
"sp_026","Cetartiodactyla","fb_1002",21.2718205090001,52.597357489,1,57224.61,230,1,300,543.28,2
"sp_026","Cetartiodactyla","fb_1022",-2.22817949099993,52.097357489,1,57224.61,230,1,300,543.28,2
"sp_026","Cetartiodactyla","fb_1011",-7.72817949099993,52.097357489,1,57224.61,230,1,300,543.28,2
"sp_026","Cetartiodactyla","fb_1037",5.27182050900007,52.097357489,1,57224.61,230,1,300,543.28,2
"sp_026","Cetartiodactyla","fb_1036",4.77182050900007,52.097357489,1,57224.61,230,1,300,543.28,2
"sp_026","Cetartiodactyla","fb_1024",-1.22817949099993,52.097357489,1,57224.61,230,1,300,543.28,2
"sp_026","Cetartiodactyla","fb_1018",-4.22817949099993,52.097357489,1,57224.61,230,1,300,543.28,2
"sp_026","Cetartiodactyla","fb_1001",20.7718205090001,52.597357489,1,57224.61,230,1,300,543.28,2
"sp_026","Cetartiodactyla","fb_1009",-8.72817949099993,52.097357489,1,57224.61,230,1,300,543.28,2
"sp_032","Chiroptera","fb_1002",21.2718205090001,52.597357489,1,10.72,NA,1.5,186,NA,1
"sp_032","Chiroptera","fb_104",7.77182050900007,59.097357489,1,10.72,NA,1.5,186,NA,1
"sp_032","Chiroptera","fb_1001",20.7718205090001,52.597357489,1,10.72,NA,1.5,186,NA,1
"sp_032","Chiroptera","fb_102",6.77182050900007,59.097357489,1,10.72,NA,1.5,186,NA,1
"sp_032","Chiroptera","fb_103",7.27182050900007,59.097357489,1,10.72,NA,1.5,186,NA,1
"sp_032","Chiroptera","fb_1000",20.2718205090001,52.597357489,1,10.72,NA,1.5,186,NA,1
"sp_032","Chiroptera","fb_101",6.27182050900007,59.097357489,1,10.72,NA,1.5,186,NA,1
"sp_033","Eulipotyphla","fb_104",7.77182050900007,59.097357489,1,777.95,36.98,4.64,168,265.8,8
"sp_033","Eulipotyphla","fb_1010",-8.22817949099993,52.097357489,1,777.95,36.98,4.64,168,265.8,8
"sp_033","Eulipotyphla","fb_1035",4.27182050900007,52.097357489,1,777.95,36.98,4.64,168,265.8,8
"sp_033","Eulipotyphla","fb_1011",-7.72817949099993,52.097357489,1,777.95,36.98,4.64,168,265.8,8
"sp_033","Eulipotyphla","fb_1018",-4.22817949099993,52.097357489,1,777.95,36.98,4.64,168,265.8,8
"sp_033","Eulipotyphla","fb_1029",1.27182050900007,52.097357489,1,777.95,36.98,4.64,168,265.8,8
"sp_033","Eulipotyphla","fb_1025",-0.728179490999928,52.097357489,1,777.95,36.98,4.64,168,265.8,8
"sp_033","Eulipotyphla","fb_103",7.27182050900007,59.097357489,1,777.95,36.98,4.64,168,265.8,8
"sp_033","Eulipotyphla","fb_1020",-3.22817949099993,52.097357489,1,777.95,36.98,4.64,168,265.8,8
"sp_033","Eulipotyphla","fb_1038",5.77182050900007,52.097357489,1,777.95,36.98,4.64,168,265.8,8
"sp_033","Eulipotyphla","fb_102",6.77182050900007,59.097357489,1,777.95,36.98,4.64,168,265.8,8
"sp_033","Eulipotyphla","fb_101",6.27182050900007,59.097357489,1,777.95,36.98,4.64,168,265.8,8
"sp_033","Eulipotyphla","fb_1028",0.771820509000072,52.097357489,1,777.95,36.98,4.64,168,265.8,8
"sp_033","Eulipotyphla","fb_1023",-1.72817949099993,52.097357489,1,777.95,36.98,4.64,168,265.8,8
"sp_033","Eulipotyphla","fb_1036",4.77182050900007,52.097357489,1,777.95,36.98,4.64,168,265.8,8
"sp_033","Eulipotyphla","fb_1017",-4.72817949099993,52.097357489,1,777.95,36.98,4.64,168,265.8,8
"sp_033","Eulipotyphla","fb_1026",-0.228179490999928,52.097357489,1,777.95,36.98,4.64,168,265.8,8
"sp_033","Eulipotyphla","fb_1009",-8.72817949099993,52.097357489,1,777.95,36.98,4.64,168,265.8,8
"sp_033","Eulipotyphla","fb_100",5.77182050900007,59.097357489,1,777.95,36.98,4.64,168,265.8,8
"sp_033","Eulipotyphla","fb_1040",6.77182050900007,52.097357489,1,777.95,36.98,4.64,168,265.8,8
"sp_033","Eulipotyphla","fb_1022",-2.22817949099993,52.097357489,1,777.95,36.98,4.64,168,265.8,8
"sp_033","Eulipotyphla","fb_1008",-9.22817949099993,52.097357489,1,777.95,36.98,4.64,168,265.8,8
"sp_033","Eulipotyphla","fb_1037",5.27182050900007,52.097357489,1,777.95,36.98,4.64,168,265.8,8
"sp_033","Eulipotyphla","fb_1019",-3.72817949099993,52.097357489,1,777.95,36.98,4.64,168,265.8,8
"sp_033","Eulipotyphla","fb_1007",-9.72817949099993,52.097357489,1,777.95,36.98,4.64,168,265.8,8
"sp_033","Eulipotyphla","fb_1021",-2.72817949099993,52.097357489,1,777.95,36.98,4.64,168,265.8,8
"sp_033","Eulipotyphla","fb_1027",0.271820509000072,52.097357489,1,777.95,36.98,4.64,168,265.8,8
"sp_033","Eulipotyphla","fb_1024",-1.22817949099993,52.097357489,1,777.95,36.98,4.64,168,265.8,8
"sp_033","Eulipotyphla","fb_1039",6.27182050900007,52.097357489,1,777.95,36.98,4.64,168,265.8,8
"sp_034","Eulipotyphla","fb_1000",20.2718205090001,52.597357489,1,NA,NA,NA,NA,NA,NA
"sp_034","Eulipotyphla","fb_1001",20.7718205090001,52.597357489,1,NA,NA,NA,NA,NA,NA
"sp_034","Eulipotyphla","fb_1002",21.2718205090001,52.597357489,1,NA,NA,NA,NA,NA,NA
"sp_035","Rodentia","fb_1040",6.77182050900007,52.097357489,1,94.16,34.98,5.01,NA,352.43,NA
"sp_038","Rodentia","fb_1002",21.2718205090001,52.597357489,1,128.09,28.19,5.17,108,339.31,NA
"sp_038","Rodentia","fb_1000",20.2718205090001,52.597357489,1,128.09,28.19,5.17,108,339.31,NA
"sp_038","Rodentia","fb_1025",-0.728179490999928,52.097357489,1,128.09,28.19,5.17,108,339.31,NA
"sp_038","Rodentia","fb_1001",20.7718205090001,52.597357489,1,128.09,28.19,5.17,108,339.31,NA
"sp_039","Carnivora","fb_103",7.27182050900007,59.097357489,1,12792.49,161.73,2.84,216,756.6,1
"sp_039","Carnivora","fb_104",7.77182050900007,59.097357489,1,12792.49,161.73,2.84,216,756.6,1
"sp_039","Carnivora","fb_102",6.77182050900007,59.097357489,1,12792.49,161.73,2.84,216,756.6,1
"sp_048","Lagomorpha","fb_1001",20.7718205090001,52.597357489,1,3816.43,41.99,2.14,144,210.95,NA
"sp_048","Lagomorpha","fb_1038",5.77182050900007,52.097357489,1,3816.43,41.99,2.14,144,210.95,NA
"sp_048","Lagomorpha","fb_1000",20.2718205090001,52.597357489,1,3816.43,41.99,2.14,144,210.95,NA
"sp_048","Lagomorpha","fb_1037",5.27182050900007,52.097357489,1,3816.43,41.99,2.14,144,210.95,NA
"sp_048","Lagomorpha","fb_1002",21.2718205090001,52.597357489,1,3816.43,41.99,2.14,144,210.95,NA
"sp_048","Lagomorpha","fb_1036",4.77182050900007,52.097357489,1,3816.43,41.99,2.14,144,210.95,NA
"sp_048","Lagomorpha","fb_1040",6.77182050900007,52.097357489,1,3816.43,41.99,2.14,144,210.95,NA
"sp_048","Lagomorpha","fb_1039",6.27182050900007,52.097357489,1,3816.43,41.99,2.14,144,210.95,NA
"sp_048","Lagomorpha","fb_1035",4.27182050900007,52.097357489,1,3816.43,41.99,2.14,144,210.95,NA
"sp_050","Lagomorpha","fb_1008",-9.22817949099993,52.097357489,1,3105.42,50.1,3.16,NA,NA,NA
"sp_050","Lagomorpha","fb_1009",-8.72817949099993,52.097357489,1,3105.42,50.1,3.16,NA,NA,NA
"sp_050","Lagomorpha","fb_1010",-8.22817949099993,52.097357489,1,3105.42,50.1,3.16,NA,NA,NA
"sp_050","Lagomorpha","fb_1011",-7.72817949099993,52.097357489,1,3105.42,50.1,3.16,NA,NA,NA
"sp_050","Lagomorpha","fb_1007",-9.72817949099993,52.097357489,1,3105.42,50.1,3.16,NA,NA,NA
"sp_050","Lagomorpha","fb_104",7.77182050900007,59.097357489,1,3105.42,50.1,3.16,NA,NA,NA
"sp_050","Lagomorpha","fb_102",6.77182050900007,59.097357489,1,3105.42,50.1,3.16,NA,NA,NA
"sp_050","Lagomorpha","fb_103",7.27182050900007,59.097357489,1,3105.42,50.1,3.16,NA,NA,NA
"sp_050","Lagomorpha","fb_101",6.27182050900007,59.097357489,1,3105.42,50.1,3.16,NA,NA,NA
"sp_051","Carnivora","fb_104",7.77182050900007,59.097357489,1,19300,66.99,2.3,321.6,739.52,1
"sp_051","Carnivora","fb_103",7.27182050900007,59.097357489,1,19300,66.99,2.3,321.6,739.52,1
"sp_051","Carnivora","fb_102",6.77182050900007,59.097357489,1,19300,66.99,2.3,321.6,739.52,1
"sp_051","Carnivora","fb_101",6.27182050900007,59.097357489,1,19300,66.99,2.3,321.6,739.52,1
"sp_055","Carnivora","fb_1039",6.27182050900007,52.097357489,1,1675,29.86,3.78,217.2,742.46,1
"sp_055","Carnivora","fb_1001",20.7718205090001,52.597357489,1,1675,29.86,3.78,217.2,742.46,1
"sp_055","Carnivora","fb_1038",5.77182050900007,52.097357489,1,1675,29.86,3.78,217.2,742.46,1
"sp_055","Carnivora","fb_1040",6.77182050900007,52.097357489,1,1675,29.86,3.78,217.2,742.46,1
"sp_055","Carnivora","fb_1035",4.27182050900007,52.097357489,1,1675,29.86,3.78,217.2,742.46,1
"sp_055","Carnivora","fb_1000",20.2718205090001,52.597357489,1,1675,29.86,3.78,217.2,742.46,1
"sp_055","Carnivora","fb_1036",4.77182050900007,52.097357489,1,1675,29.86,3.78,217.2,742.46,1
"sp_055","Carnivora","fb_1037",5.27182050900007,52.097357489,1,1675,29.86,3.78,217.2,742.46,1
"sp_055","Carnivora","fb_1002",21.2718205090001,52.597357489,1,1675,29.86,3.78,217.2,742.46,1
"sp_056","Carnivora","fb_103",7.27182050900007,59.097357489,1,1299.99,30.63,3.49,204,508.47,1
"sp_056","Carnivora","fb_1000",20.2718205090001,52.597357489,1,1299.99,30.63,3.49,204,508.47,1
"sp_056","Carnivora","fb_1039",6.27182050900007,52.097357489,1,1299.99,30.63,3.49,204,508.47,1
"sp_056","Carnivora","fb_1011",-7.72817949099993,52.097357489,1,1299.99,30.63,3.49,204,508.47,1
"sp_056","Carnivora","fb_1040",6.77182050900007,52.097357489,1,1299.99,30.63,3.49,204,508.47,1
"sp_056","Carnivora","fb_1010",-8.22817949099993,52.097357489,1,1299.99,30.63,3.49,204,508.47,1
"sp_056","Carnivora","fb_102",6.77182050900007,59.097357489,1,1299.99,30.63,3.49,204,508.47,1
"sp_056","Carnivora","fb_1001",20.7718205090001,52.597357489,1,1299.99,30.63,3.49,204,508.47,1
"sp_056","Carnivora","fb_1035",4.27182050900007,52.097357489,1,1299.99,30.63,3.49,204,508.47,1
"sp_056","Carnivora","fb_1008",-9.22817949099993,52.097357489,1,1299.99,30.63,3.49,204,508.47,1
"sp_056","Carnivora","fb_1007",-9.72817949099993,52.097357489,1,1299.99,30.63,3.49,204,508.47,1
"sp_056","Carnivora","fb_1002",21.2718205090001,52.597357489,1,1299.99,30.63,3.49,204,508.47,1
"sp_056","Carnivora","fb_1038",5.77182050900007,52.097357489,1,1299.99,30.63,3.49,204,508.47,1
"sp_056","Carnivora","fb_1036",4.77182050900007,52.097357489,1,1299.99,30.63,3.49,204,508.47,1
"sp_056","Carnivora","fb_1037",5.27182050900007,52.097357489,1,1299.99,30.63,3.49,204,508.47,1
"sp_056","Carnivora","fb_1009",-8.72817949099993,52.097357489,1,1299.99,30.63,3.49,204,508.47,1
"sp_056","Carnivora","fb_101",6.27182050900007,59.097357489,1,1299.99,30.63,3.49,204,508.47,1
"sp_056","Carnivora","fb_104",7.77182050900007,59.097357489,1,1299.99,30.63,3.49,204,508.47,1
"sp_057","Carnivora","fb_1035",4.27182050900007,52.097357489,1,11884.03,48.6,3.11,194.4,420.91,1
"sp_057","Carnivora","fb_1017",-4.72817949099993,52.097357489,1,11884.03,48.6,3.11,194.4,420.91,1
"sp_057","Carnivora","fb_1008",-9.22817949099993,52.097357489,1,11884.03,48.6,3.11,194.4,420.91,1
"sp_057","Carnivora","fb_1010",-8.22817949099993,52.097357489,1,11884.03,48.6,3.11,194.4,420.91,1
"sp_057","Carnivora","fb_1027",0.271820509000072,52.097357489,1,11884.03,48.6,3.11,194.4,420.91,1
"sp_057","Carnivora","fb_1019",-3.72817949099993,52.097357489,1,11884.03,48.6,3.11,194.4,420.91,1
"sp_057","Carnivora","fb_1036",4.77182050900007,52.097357489,1,11884.03,48.6,3.11,194.4,420.91,1
"sp_057","Carnivora","fb_1023",-1.72817949099993,52.097357489,1,11884.03,48.6,3.11,194.4,420.91,1
"sp_057","Carnivora","fb_1000",20.2718205090001,52.597357489,1,11884.03,48.6,3.11,194.4,420.91,1
"sp_057","Carnivora","fb_1009",-8.72817949099993,52.097357489,1,11884.03,48.6,3.11,194.4,420.91,1
"sp_057","Carnivora","fb_1021",-2.72817949099993,52.097357489,1,11884.03,48.6,3.11,194.4,420.91,1
"sp_057","Carnivora","fb_104",7.77182050900007,59.097357489,1,11884.03,48.6,3.11,194.4,420.91,1
"sp_057","Carnivora","fb_1037",5.27182050900007,52.097357489,1,11884.03,48.6,3.11,194.4,420.91,1
"sp_057","Carnivora","fb_1029",1.27182050900007,52.097357489,1,11884.03,48.6,3.11,194.4,420.91,1
"sp_057","Carnivora","fb_103",7.27182050900007,59.097357489,1,11884.03,48.6,3.11,194.4,420.91,1
"sp_057","Carnivora","fb_1018",-4.22817949099993,52.097357489,1,11884.03,48.6,3.11,194.4,420.91,1
"sp_057","Carnivora","fb_102",6.77182050900007,59.097357489,1,11884.03,48.6,3.11,194.4,420.91,1
"sp_057","Carnivora","fb_1001",20.7718205090001,52.597357489,1,11884.03,48.6,3.11,194.4,420.91,1
"sp_057","Carnivora","fb_1024",-1.22817949099993,52.097357489,1,11884.03,48.6,3.11,194.4,420.91,1
"sp_057","Carnivora","fb_1039",6.27182050900007,52.097357489,1,11884.03,48.6,3.11,194.4,420.91,1
"sp_057","Carnivora","fb_1020",-3.22817949099993,52.097357489,1,11884.03,48.6,3.11,194.4,420.91,1
"sp_057","Carnivora","fb_1026",-0.228179490999928,52.097357489,1,11884.03,48.6,3.11,194.4,420.91,1
"sp_057","Carnivora","fb_1025",-0.728179490999928,52.097357489,1,11884.03,48.6,3.11,194.4,420.91,1
"sp_057","Carnivora","fb_1022",-2.22817949099993,52.097357489,1,11884.03,48.6,3.11,194.4,420.91,1
"sp_057","Carnivora","fb_101",6.27182050900007,59.097357489,1,11884.03,48.6,3.11,194.4,420.91,1
"sp_057","Carnivora","fb_1007",-9.72817949099993,52.097357489,1,11884.03,48.6,3.11,194.4,420.91,1
"sp_057","Carnivora","fb_1028",0.771820509000072,52.097357489,1,11884.03,48.6,3.11,194.4,420.91,1
"sp_057","Carnivora","fb_1011",-7.72817949099993,52.097357489,1,11884.03,48.6,3.11,194.4,420.91,1
"sp_057","Carnivora","fb_1040",6.77182050900007,52.097357489,1,11884.03,48.6,3.11,194.4,420.91,1
"sp_057","Carnivora","fb_1038",5.77182050900007,52.097357489,1,11884.03,48.6,3.11,194.4,420.91,1
"sp_057","Carnivora","fb_1002",21.2718205090001,52.597357489,1,11884.03,48.6,3.11,194.4,420.91,1
"sp_059","Rodentia","fb_1027",0.271820509000072,52.097357489,1,6.99,21,4.92,60,37.37,NA
"sp_059","Rodentia","fb_1018",-4.22817949099993,52.097357489,1,6.99,21,4.92,60,37.37,NA
"sp_059","Rodentia","fb_1026",-0.228179490999928,52.097357489,1,6.99,21,4.92,60,37.37,NA
"sp_059","Rodentia","fb_1017",-4.72817949099993,52.097357489,1,6.99,21,4.92,60,37.37,NA
"sp_059","Rodentia","fb_1037",5.27182050900007,52.097357489,1,6.99,21,4.92,60,37.37,NA
"sp_059","Rodentia","fb_1029",1.27182050900007,52.097357489,1,6.99,21,4.92,60,37.37,NA
"sp_059","Rodentia","fb_1023",-1.72817949099993,52.097357489,1,6.99,21,4.92,60,37.37,NA
"sp_059","Rodentia","fb_1036",4.77182050900007,52.097357489,1,6.99,21,4.92,60,37.37,NA
"sp_059","Rodentia","fb_1025",-0.728179490999928,52.097357489,1,6.99,21,4.92,60,37.37,NA
"sp_059","Rodentia","fb_1024",-1.22817949099993,52.097357489,1,6.99,21,4.92,60,37.37,NA
"sp_059","Rodentia","fb_1038",5.77182050900007,52.097357489,1,6.99,21,4.92,60,37.37,NA
"sp_059","Rodentia","fb_1021",-2.72817949099993,52.097357489,1,6.99,21,4.92,60,37.37,NA
"sp_059","Rodentia","fb_1035",4.27182050900007,52.097357489,1,6.99,21,4.92,60,37.37,NA
"sp_059","Rodentia","fb_1028",0.771820509000072,52.097357489,1,6.99,21,4.92,60,37.37,NA
"sp_059","Rodentia","fb_1002",21.2718205090001,52.597357489,1,6.99,21,4.92,60,37.37,NA
"sp_059","Rodentia","fb_1019",-3.72817949099993,52.097357489,1,6.99,21,4.92,60,37.37,NA
"sp_059","Rodentia","fb_1039",6.27182050900007,52.097357489,1,6.99,21,4.92,60,37.37,NA
"sp_059","Rodentia","fb_1001",20.7718205090001,52.597357489,1,6.99,21,4.92,60,37.37,NA
"sp_059","Rodentia","fb_1040",6.77182050900007,52.097357489,1,6.99,21,4.92,60,37.37,NA
"sp_059","Rodentia","fb_1022",-2.22817949099993,52.097357489,1,6.99,21,4.92,60,37.37,NA
"sp_059","Rodentia","fb_1020",-3.22817949099993,52.097357489,1,6.99,21,4.92,60,37.37,NA
"sp_059","Rodentia","fb_1000",20.2718205090001,52.597357489,1,6.99,21,4.92,60,37.37,NA
"sp_060","Rodentia","fb_1036",4.77182050900007,52.097357489,1,35.87,20.72,4.65,39.6,38.27,NA
"sp_060","Rodentia","fb_1018",-4.22817949099993,52.097357489,1,35.87,20.72,4.65,39.6,38.27,NA
"sp_060","Rodentia","fb_1002",21.2718205090001,52.597357489,1,35.87,20.72,4.65,39.6,38.27,NA
"sp_060","Rodentia","fb_1022",-2.22817949099993,52.097357489,1,35.87,20.72,4.65,39.6,38.27,NA
"sp_060","Rodentia","fb_1035",4.27182050900007,52.097357489,1,35.87,20.72,4.65,39.6,38.27,NA
"sp_060","Rodentia","fb_1020",-3.22817949099993,52.097357489,1,35.87,20.72,4.65,39.6,38.27,NA
"sp_060","Rodentia","fb_1027",0.271820509000072,52.097357489,1,35.87,20.72,4.65,39.6,38.27,NA
"sp_060","Rodentia","fb_1026",-0.228179490999928,52.097357489,1,35.87,20.72,4.65,39.6,38.27,NA
"sp_060","Rodentia","fb_1021",-2.72817949099993,52.097357489,1,35.87,20.72,4.65,39.6,38.27,NA
"sp_060","Rodentia","fb_1028",0.771820509000072,52.097357489,1,35.87,20.72,4.65,39.6,38.27,NA
"sp_060","Rodentia","fb_1037",5.27182050900007,52.097357489,1,35.87,20.72,4.65,39.6,38.27,NA
"sp_060","Rodentia","fb_1023",-1.72817949099993,52.097357489,1,35.87,20.72,4.65,39.6,38.27,NA
"sp_060","Rodentia","fb_1038",5.77182050900007,52.097357489,1,35.87,20.72,4.65,39.6,38.27,NA
"sp_060","Rodentia","fb_102",6.77182050900007,59.097357489,1,35.87,20.72,4.65,39.6,38.27,NA
"sp_060","Rodentia","fb_1017",-4.72817949099993,52.097357489,1,35.87,20.72,4.65,39.6,38.27,NA
"sp_060","Rodentia","fb_101",6.27182050900007,59.097357489,1,35.87,20.72,4.65,39.6,38.27,NA
"sp_060","Rodentia","fb_1029",1.27182050900007,52.097357489,1,35.87,20.72,4.65,39.6,38.27,NA
"sp_060","Rodentia","fb_1000",20.2718205090001,52.597357489,1,35.87,20.72,4.65,39.6,38.27,NA
"sp_060","Rodentia","fb_1025",-0.728179490999928,52.097357489,1,35.87,20.72,4.65,39.6,38.27,NA
"sp_060","Rodentia","fb_1040",6.77182050900007,52.097357489,1,35.87,20.72,4.65,39.6,38.27,NA
"sp_060","Rodentia","fb_103",7.27182050900007,59.097357489,1,35.87,20.72,4.65,39.6,38.27,NA
"sp_060","Rodentia","fb_1001",20.7718205090001,52.597357489,1,35.87,20.72,4.65,39.6,38.27,NA
"sp_060","Rodentia","fb_104",7.77182050900007,59.097357489,1,35.87,20.72,4.65,39.6,38.27,NA
"sp_060","Rodentia","fb_1024",-1.22817949099993,52.097357489,1,35.87,20.72,4.65,39.6,38.27,NA
"sp_060","Rodentia","fb_1039",6.27182050900007,52.097357489,1,35.87,20.72,4.65,39.6,38.27,NA
"sp_060","Rodentia","fb_1019",-3.72817949099993,52.097357489,1,35.87,20.72,4.65,39.6,38.27,NA
"sp_061","Rodentia","fb_1036",4.77182050900007,52.097357489,1,26.9,21,4.99,36,28.19,NA
"sp_061","Rodentia","fb_1002",21.2718205090001,52.597357489,1,26.9,21,4.99,36,28.19,NA
"sp_061","Rodentia","fb_1037",5.27182050900007,52.097357489,1,26.9,21,4.99,36,28.19,NA
"sp_061","Rodentia","fb_1038",5.77182050900007,52.097357489,1,26.9,21,4.99,36,28.19,NA
"sp_061","Rodentia","fb_1035",4.27182050900007,52.097357489,1,26.9,21,4.99,36,28.19,NA
"sp_061","Rodentia","fb_1040",6.77182050900007,52.097357489,1,26.9,21,4.99,36,28.19,NA
"sp_061","Rodentia","fb_1001",20.7718205090001,52.597357489,1,26.9,21,4.99,36,28.19,NA
"sp_061","Rodentia","fb_1039",6.27182050900007,52.097357489,1,26.9,21,4.99,36,28.19,NA
"sp_061","Rodentia","fb_1000",20.2718205090001,52.597357489,1,26.9,21,4.99,36,28.19,NA
"sp_071","Rodentia","fb_1002",21.2718205090001,52.597357489,1,33.1,21.51,5.62,21.6,44.86,NA
"sp_071","Rodentia","fb_1037",5.27182050900007,52.097357489,1,33.1,21.51,5.62,21.6,44.86,NA
"sp_071","Rodentia","fb_1036",4.77182050900007,52.097357489,1,33.1,21.51,5.62,21.6,44.86,NA
"sp_071","Rodentia","fb_1000",20.2718205090001,52.597357489,1,33.1,21.51,5.62,21.6,44.86,NA
"sp_071","Rodentia","fb_1035",4.27182050900007,52.097357489,1,33.1,21.51,5.62,21.6,44.86,NA
"sp_071","Rodentia","fb_1001",20.7718205090001,52.597357489,1,33.1,21.51,5.62,21.6,44.86,NA
"sp_073","Rodentia","fb_1000",20.2718205090001,52.597357489,1,17.74,21,2.46,NA,101.87,NA
"sp_073","Rodentia","fb_1001",20.7718205090001,52.597357489,1,17.74,21,2.46,NA,101.87,NA
"sp_073","Rodentia","fb_1002",21.2718205090001,52.597357489,1,17.74,21,2.46,NA,101.87,NA
"sp_077","Cetartiodactyla","fb_1024",-1.22817949099993,52.097357489,1,13499.94,214.24,0.98,NA,295.12,2
"sp_077","Cetartiodactyla","fb_1017",-4.72817949099993,52.097357489,1,13499.94,214.24,0.98,NA,295.12,2
"sp_077","Cetartiodactyla","fb_1025",-0.728179490999928,52.097357489,1,13499.94,214.24,0.98,NA,295.12,2
"sp_077","Cetartiodactyla","fb_1023",-1.72817949099993,52.097357489,1,13499.94,214.24,0.98,NA,295.12,2
"sp_077","Cetartiodactyla","fb_1029",1.27182050900007,52.097357489,1,13499.94,214.24,0.98,NA,295.12,2
"sp_077","Cetartiodactyla","fb_1026",-0.228179490999928,52.097357489,1,13499.94,214.24,0.98,NA,295.12,2
"sp_077","Cetartiodactyla","fb_1028",0.771820509000072,52.097357489,1,13499.94,214.24,0.98,NA,295.12,2
"sp_077","Cetartiodactyla","fb_1021",-2.72817949099993,52.097357489,1,13499.94,214.24,0.98,NA,295.12,2
"sp_077","Cetartiodactyla","fb_1018",-4.22817949099993,52.097357489,1,13499.94,214.24,0.98,NA,295.12,2
"sp_077","Cetartiodactyla","fb_1020",-3.22817949099993,52.097357489,1,13499.94,214.24,0.98,NA,295.12,2
"sp_077","Cetartiodactyla","fb_1022",-2.22817949099993,52.097357489,1,13499.94,214.24,0.98,NA,295.12,2
"sp_077","Cetartiodactyla","fb_1027",0.271820509000072,52.097357489,1,13499.94,214.24,0.98,NA,295.12,2
"sp_077","Cetartiodactyla","fb_1019",-3.72817949099993,52.097357489,1,13499.94,214.24,0.98,NA,295.12,2
"sp_078","Rodentia","fb_1022",-2.22817949099993,52.097357489,1,19.3,19.6,5.54,72,64.71,1
"sp_078","Rodentia","fb_100",5.77182050900007,59.097357489,1,19.3,19.6,5.54,72,64.71,1
"sp_078","Rodentia","fb_1017",-4.72817949099993,52.097357489,1,19.3,19.6,5.54,72,64.71,1
"sp_078","Rodentia","fb_1023",-1.72817949099993,52.097357489,1,19.3,19.6,5.54,72,64.71,1
"sp_078","Rodentia","fb_1018",-4.22817949099993,52.097357489,1,19.3,19.6,5.54,72,64.71,1
"sp_078","Rodentia","fb_1009",-8.72817949099993,52.097357489,1,19.3,19.6,5.54,72,64.71,1
"sp_078","Rodentia","fb_1011",-7.72817949099993,52.097357489,1,19.3,19.6,5.54,72,64.71,1
"sp_078","Rodentia","fb_1007",-9.72817949099993,52.097357489,1,19.3,19.6,5.54,72,64.71,1
"sp_078","Rodentia","fb_1010",-8.22817949099993,52.097357489,1,19.3,19.6,5.54,72,64.71,1
"sp_078","Rodentia","fb_103",7.27182050900007,59.097357489,1,19.3,19.6,5.54,72,64.71,1
"sp_078","Rodentia","fb_1035",4.27182050900007,52.097357489,1,19.3,19.6,5.54,72,64.71,1
"sp_078","Rodentia","fb_1020",-3.22817949099993,52.097357489,1,19.3,19.6,5.54,72,64.71,1
"sp_078","Rodentia","fb_101",6.27182050900007,59.097357489,1,19.3,19.6,5.54,72,64.71,1
"sp_078","Rodentia","fb_1000",20.2718205090001,52.597357489,1,19.3,19.6,5.54,72,64.71,1
"sp_078","Rodentia","fb_1040",6.77182050900007,52.097357489,1,19.3,19.6,5.54,72,64.71,1
"sp_078","Rodentia","fb_104",7.77182050900007,59.097357489,1,19.3,19.6,5.54,72,64.71,1
"sp_078","Rodentia","fb_1027",0.271820509000072,52.097357489,1,19.3,19.6,5.54,72,64.71,1
"sp_078","Rodentia","fb_1024",-1.22817949099993,52.097357489,1,19.3,19.6,5.54,72,64.71,1
"sp_078","Rodentia","fb_1025",-0.728179490999928,52.097357489,1,19.3,19.6,5.54,72,64.71,1
"sp_078","Rodentia","fb_1021",-2.72817949099993,52.097357489,1,19.3,19.6,5.54,72,64.71,1
"sp_078","Rodentia","fb_1028",0.771820509000072,52.097357489,1,19.3,19.6,5.54,72,64.71,1
"sp_078","Rodentia","fb_1001",20.7718205090001,52.597357489,1,19.3,19.6,5.54,72,64.71,1
"sp_078","Rodentia","fb_1038",5.77182050900007,52.097357489,1,19.3,19.6,5.54,72,64.71,1
"sp_078","Rodentia","fb_1036",4.77182050900007,52.097357489,1,19.3,19.6,5.54,72,64.71,1
"sp_078","Rodentia","fb_1029",1.27182050900007,52.097357489,1,19.3,19.6,5.54,72,64.71,1
"sp_078","Rodentia","fb_1026",-0.228179490999928,52.097357489,1,19.3,19.6,5.54,72,64.71,1
"sp_078","Rodentia","fb_1037",5.27182050900007,52.097357489,1,19.3,19.6,5.54,72,64.71,1
"sp_078","Rodentia","fb_1039",6.27182050900007,52.097357489,1,19.3,19.6,5.54,72,64.71,1
"sp_078","Rodentia","fb_1008",-9.22817949099993,52.097357489,1,19.3,19.6,5.54,72,64.71,1
"sp_078","Rodentia","fb_102",6.77182050900007,59.097357489,1,19.3,19.6,5.54,72,64.71,1
"sp_078","Rodentia","fb_1019",-3.72817949099993,52.097357489,1,19.3,19.6,5.54,72,64.71,1
"sp_078","Rodentia","fb_1002",21.2718205090001,52.597357489,1,19.3,19.6,5.54,72,64.71,1
"sp_081","Rodentia","fb_1040",6.77182050900007,52.097357489,1,29.19,24.97,4.3,72,346.11,8
"sp_081","Rodentia","fb_1026",-0.228179490999928,52.097357489,1,29.19,24.97,4.3,72,346.11,8
"sp_081","Rodentia","fb_1028",0.771820509000072,52.097357489,1,29.19,24.97,4.3,72,346.11,8
"sp_081","Rodentia","fb_1022",-2.22817949099993,52.097357489,1,29.19,24.97,4.3,72,346.11,8
"sp_081","Rodentia","fb_1020",-3.22817949099993,52.097357489,1,29.19,24.97,4.3,72,346.11,8
"sp_081","Rodentia","fb_1029",1.27182050900007,52.097357489,1,29.19,24.97,4.3,72,346.11,8
"sp_081","Rodentia","fb_1002",21.2718205090001,52.597357489,1,29.19,24.97,4.3,72,346.11,8
"sp_081","Rodentia","fb_1018",-4.22817949099993,52.097357489,1,29.19,24.97,4.3,72,346.11,8
"sp_081","Rodentia","fb_1001",20.7718205090001,52.597357489,1,29.19,24.97,4.3,72,346.11,8
"sp_081","Rodentia","fb_1019",-3.72817949099993,52.097357489,1,29.19,24.97,4.3,72,346.11,8
"sp_081","Rodentia","fb_1024",-1.22817949099993,52.097357489,1,29.19,24.97,4.3,72,346.11,8
"sp_081","Rodentia","fb_1021",-2.72817949099993,52.097357489,1,29.19,24.97,4.3,72,346.11,8
"sp_081","Rodentia","fb_1000",20.2718205090001,52.597357489,1,29.19,24.97,4.3,72,346.11,8
"sp_081","Rodentia","fb_1017",-4.72817949099993,52.097357489,1,29.19,24.97,4.3,72,346.11,8
"sp_081","Rodentia","fb_1023",-1.72817949099993,52.097357489,1,29.19,24.97,4.3,72,346.11,8
"sp_081","Rodentia","fb_1025",-0.728179490999928,52.097357489,1,29.19,24.97,4.3,72,346.11,8
"sp_081","Rodentia","fb_1027",0.271820509000072,52.097357489,1,29.19,24.97,4.3,72,346.11,8
"sp_082","Carnivora","fb_1009",-8.72817949099993,52.097357489,1,284.5,66.35,6.74,85.23,93.09,1
"sp_082","Carnivora","fb_1036",4.77182050900007,52.097357489,1,284.5,66.35,6.74,85.23,93.09,1
"sp_082","Carnivora","fb_1020",-3.22817949099993,52.097357489,1,284.5,66.35,6.74,85.23,93.09,1
"sp_082","Carnivora","fb_1002",21.2718205090001,52.597357489,1,284.5,66.35,6.74,85.23,93.09,1
"sp_082","Carnivora","fb_1024",-1.22817949099993,52.097357489,1,284.5,66.35,6.74,85.23,93.09,1
"sp_082","Carnivora","fb_1026",-0.228179490999928,52.097357489,1,284.5,66.35,6.74,85.23,93.09,1
"sp_082","Carnivora","fb_1017",-4.72817949099993,52.097357489,1,284.5,66.35,6.74,85.23,93.09,1
"sp_082","Carnivora","fb_1019",-3.72817949099993,52.097357489,1,284.5,66.35,6.74,85.23,93.09,1
"sp_082","Carnivora","fb_1022",-2.22817949099993,52.097357489,1,284.5,66.35,6.74,85.23,93.09,1
"sp_082","Carnivora","fb_1028",0.771820509000072,52.097357489,1,284.5,66.35,6.74,85.23,93.09,1
"sp_082","Carnivora","fb_1011",-7.72817949099993,52.097357489,1,284.5,66.35,6.74,85.23,93.09,1
"sp_082","Carnivora","fb_1037",5.27182050900007,52.097357489,1,284.5,66.35,6.74,85.23,93.09,1
"sp_082","Carnivora","fb_1000",20.2718205090001,52.597357489,1,284.5,66.35,6.74,85.23,93.09,1
"sp_082","Carnivora","fb_1018",-4.22817949099993,52.097357489,1,284.5,66.35,6.74,85.23,93.09,1
"sp_082","Carnivora","fb_1035",4.27182050900007,52.097357489,1,284.5,66.35,6.74,85.23,93.09,1
"sp_082","Carnivora","fb_1029",1.27182050900007,52.097357489,1,284.5,66.35,6.74,85.23,93.09,1
"sp_082","Carnivora","fb_1039",6.27182050900007,52.097357489,1,284.5,66.35,6.74,85.23,93.09,1
"sp_082","Carnivora","fb_1023",-1.72817949099993,52.097357489,1,284.5,66.35,6.74,85.23,93.09,1
"sp_082","Carnivora","fb_1007",-9.72817949099993,52.097357489,1,284.5,66.35,6.74,85.23,93.09,1
"sp_082","Carnivora","fb_103",7.27182050900007,59.097357489,1,284.5,66.35,6.74,85.23,93.09,1
"sp_082","Carnivora","fb_1001",20.7718205090001,52.597357489,1,284.5,66.35,6.74,85.23,93.09,1
"sp_082","Carnivora","fb_1010",-8.22817949099993,52.097357489,1,284.5,66.35,6.74,85.23,93.09,1
"sp_082","Carnivora","fb_1025",-0.728179490999928,52.097357489,1,284.5,66.35,6.74,85.23,93.09,1
"sp_082","Carnivora","fb_101",6.27182050900007,59.097357489,1,284.5,66.35,6.74,85.23,93.09,1
"sp_082","Carnivora","fb_104",7.77182050900007,59.097357489,1,284.5,66.35,6.74,85.23,93.09,1
"sp_082","Carnivora","fb_102",6.77182050900007,59.097357489,1,284.5,66.35,6.74,85.23,93.09,1
"sp_082","Carnivora","fb_1021",-2.72817949099993,52.097357489,1,284.5,66.35,6.74,85.23,93.09,1
"sp_082","Carnivora","fb_1008",-9.22817949099993,52.097357489,1,284.5,66.35,6.74,85.23,93.09,1
"sp_082","Carnivora","fb_1038",5.77182050900007,52.097357489,1,284.5,66.35,6.74,85.23,93.09,1
"sp_082","Carnivora","fb_1027",0.271820509000072,52.097357489,1,284.5,66.35,6.74,85.23,93.09,1
"sp_082","Carnivora","fb_1040",6.77182050900007,52.097357489,1,284.5,66.35,6.74,85.23,93.09,1
"sp_084","Carnivora","fb_1020",-3.22817949099993,52.097357489,1,78.45,36.49,5.07,120,169.99,1
"sp_084","Carnivora","fb_104",7.77182050900007,59.097357489,1,78.45,36.49,5.07,120,169.99,1
"sp_084","Carnivora","fb_1029",1.27182050900007,52.097357489,1,78.45,36.49,5.07,120,169.99,1
"sp_084","Carnivora","fb_1017",-4.72817949099993,52.097357489,1,78.45,36.49,5.07,120,169.99,1
"sp_084","Carnivora","fb_1036",4.77182050900007,52.097357489,1,78.45,36.49,5.07,120,169.99,1
"sp_084","Carnivora","fb_1000",20.2718205090001,52.597357489,1,78.45,36.49,5.07,120,169.99,1
"sp_084","Carnivora","fb_1028",0.771820509000072,52.097357489,1,78.45,36.49,5.07,120,169.99,1
"sp_084","Carnivora","fb_1037",5.27182050900007,52.097357489,1,78.45,36.49,5.07,120,169.99,1
"sp_084","Carnivora","fb_1027",0.271820509000072,52.097357489,1,78.45,36.49,5.07,120,169.99,1
"sp_084","Carnivora","fb_1035",4.27182050900007,52.097357489,1,78.45,36.49,5.07,120,169.99,1
"sp_084","Carnivora","fb_102",6.77182050900007,59.097357489,1,78.45,36.49,5.07,120,169.99,1
"sp_084","Carnivora","fb_1038",5.77182050900007,52.097357489,1,78.45,36.49,5.07,120,169.99,1
"sp_084","Carnivora","fb_1001",20.7718205090001,52.597357489,1,78.45,36.49,5.07,120,169.99,1
"sp_084","Carnivora","fb_1018",-4.22817949099993,52.097357489,1,78.45,36.49,5.07,120,169.99,1
"sp_084","Carnivora","fb_1023",-1.72817949099993,52.097357489,1,78.45,36.49,5.07,120,169.99,1
"sp_084","Carnivora","fb_1019",-3.72817949099993,52.097357489,1,78.45,36.49,5.07,120,169.99,1
"sp_084","Carnivora","fb_1002",21.2718205090001,52.597357489,1,78.45,36.49,5.07,120,169.99,1
"sp_084","Carnivora","fb_1022",-2.22817949099993,52.097357489,1,78.45,36.49,5.07,120,169.99,1
"sp_084","Carnivora","fb_1026",-0.228179490999928,52.097357489,1,78.45,36.49,5.07,120,169.99,1
"sp_084","Carnivora","fb_1021",-2.72817949099993,52.097357489,1,78.45,36.49,5.07,120,169.99,1
"sp_084","Carnivora","fb_103",7.27182050900007,59.097357489,1,78.45,36.49,5.07,120,169.99,1
"sp_084","Carnivora","fb_1039",6.27182050900007,52.097357489,1,78.45,36.49,5.07,120,169.99,1
"sp_084","Carnivora","fb_101",6.27182050900007,59.097357489,1,78.45,36.49,5.07,120,169.99,1
"sp_084","Carnivora","fb_1040",6.77182050900007,52.097357489,1,78.45,36.49,5.07,120,169.99,1
"sp_084","Carnivora","fb_1025",-0.728179490999928,52.097357489,1,78.45,36.49,5.07,120,169.99,1
"sp_084","Carnivora","fb_1024",-1.22817949099993,52.097357489,1,78.45,36.49,5.07,120,169.99,1
"sp_085","Carnivora","fb_1036",4.77182050900007,52.097357489,1,975.55,41.49,8.48,168,308.5,1
"sp_085","Carnivora","fb_1020",-3.22817949099993,52.097357489,1,975.55,41.49,8.48,168,308.5,1
"sp_085","Carnivora","fb_1000",20.2718205090001,52.597357489,1,975.55,41.49,8.48,168,308.5,1
"sp_085","Carnivora","fb_1040",6.77182050900007,52.097357489,1,975.55,41.49,8.48,168,308.5,1
"sp_085","Carnivora","fb_1017",-4.72817949099993,52.097357489,1,975.55,41.49,8.48,168,308.5,1
"sp_085","Carnivora","fb_1021",-2.72817949099993,52.097357489,1,975.55,41.49,8.48,168,308.5,1
"sp_085","Carnivora","fb_1022",-2.22817949099993,52.097357489,1,975.55,41.49,8.48,168,308.5,1
"sp_085","Carnivora","fb_1037",5.27182050900007,52.097357489,1,975.55,41.49,8.48,168,308.5,1
"sp_085","Carnivora","fb_1023",-1.72817949099993,52.097357489,1,975.55,41.49,8.48,168,308.5,1
"sp_085","Carnivora","fb_1035",4.27182050900007,52.097357489,1,975.55,41.49,8.48,168,308.5,1
"sp_085","Carnivora","fb_1002",21.2718205090001,52.597357489,1,975.55,41.49,8.48,168,308.5,1
"sp_085","Carnivora","fb_1019",-3.72817949099993,52.097357489,1,975.55,41.49,8.48,168,308.5,1
"sp_085","Carnivora","fb_1001",20.7718205090001,52.597357489,1,975.55,41.49,8.48,168,308.5,1
"sp_085","Carnivora","fb_1038",5.77182050900007,52.097357489,1,975.55,41.49,8.48,168,308.5,1
"sp_085","Carnivora","fb_1025",-0.728179490999928,52.097357489,1,975.55,41.49,8.48,168,308.5,1
"sp_085","Carnivora","fb_1018",-4.22817949099993,52.097357489,1,975.55,41.49,8.48,168,308.5,1
"sp_085","Carnivora","fb_1024",-1.22817949099993,52.097357489,1,975.55,41.49,8.48,168,308.5,1
"sp_085","Carnivora","fb_1039",6.27182050900007,52.097357489,1,975.55,41.49,8.48,168,308.5,1
"sp_086","Rodentia","fb_1002",21.2718205090001,52.597357489,1,20.73,19.74,4.31,58.8,40.91,5
"sp_086","Rodentia","fb_1021",-2.72817949099993,52.097357489,1,20.73,19.74,4.31,58.8,40.91,5
"sp_086","Rodentia","fb_1020",-3.22817949099993,52.097357489,1,20.73,19.74,4.31,58.8,40.91,5
"sp_086","Rodentia","fb_1022",-2.22817949099993,52.097357489,1,20.73,19.74,4.31,58.8,40.91,5
"sp_086","Rodentia","fb_1010",-8.22817949099993,52.097357489,1,20.73,19.74,4.31,58.8,40.91,5
"sp_086","Rodentia","fb_1037",5.27182050900007,52.097357489,1,20.73,19.74,4.31,58.8,40.91,5
"sp_086","Rodentia","fb_104",7.77182050900007,59.097357489,1,20.73,19.74,4.31,58.8,40.91,5
"sp_086","Rodentia","fb_1023",-1.72817949099993,52.097357489,1,20.73,19.74,4.31,58.8,40.91,5
"sp_086","Rodentia","fb_1028",0.771820509000072,52.097357489,1,20.73,19.74,4.31,58.8,40.91,5
"sp_086","Rodentia","fb_1027",0.271820509000072,52.097357489,1,20.73,19.74,4.31,58.8,40.91,5
"sp_086","Rodentia","fb_102",6.77182050900007,59.097357489,1,20.73,19.74,4.31,58.8,40.91,5
"sp_086","Rodentia","fb_1029",1.27182050900007,52.097357489,1,20.73,19.74,4.31,58.8,40.91,5
"sp_086","Rodentia","fb_1035",4.27182050900007,52.097357489,1,20.73,19.74,4.31,58.8,40.91,5
"sp_086","Rodentia","fb_1038",5.77182050900007,52.097357489,1,20.73,19.74,4.31,58.8,40.91,5
"sp_086","Rodentia","fb_1001",20.7718205090001,52.597357489,1,20.73,19.74,4.31,58.8,40.91,5
"sp_086","Rodentia","fb_1000",20.2718205090001,52.597357489,1,20.73,19.74,4.31,58.8,40.91,5
"sp_086","Rodentia","fb_1019",-3.72817949099993,52.097357489,1,20.73,19.74,4.31,58.8,40.91,5
"sp_086","Rodentia","fb_1011",-7.72817949099993,52.097357489,1,20.73,19.74,4.31,58.8,40.91,5
"sp_086","Rodentia","fb_1008",-9.22817949099993,52.097357489,1,20.73,19.74,4.31,58.8,40.91,5
"sp_086","Rodentia","fb_1025",-0.728179490999928,52.097357489,1,20.73,19.74,4.31,58.8,40.91,5
"sp_086","Rodentia","fb_1009",-8.72817949099993,52.097357489,1,20.73,19.74,4.31,58.8,40.91,5
"sp_086","Rodentia","fb_1007",-9.72817949099993,52.097357489,1,20.73,19.74,4.31,58.8,40.91,5
"sp_086","Rodentia","fb_1017",-4.72817949099993,52.097357489,1,20.73,19.74,4.31,58.8,40.91,5
"sp_086","Rodentia","fb_1026",-0.228179490999928,52.097357489,1,20.73,19.74,4.31,58.8,40.91,5
"sp_086","Rodentia","fb_101",6.27182050900007,59.097357489,1,20.73,19.74,4.31,58.8,40.91,5
"sp_086","Rodentia","fb_1018",-4.22817949099993,52.097357489,1,20.73,19.74,4.31,58.8,40.91,5
"sp_086","Rodentia","fb_1039",6.27182050900007,52.097357489,1,20.73,19.74,4.31,58.8,40.91,5
"sp_086","Rodentia","fb_1040",6.77182050900007,52.097357489,1,20.73,19.74,4.31,58.8,40.91,5
"sp_086","Rodentia","fb_103",7.27182050900007,59.097357489,1,20.73,19.74,4.31,58.8,40.91,5
"sp_086","Rodentia","fb_1024",-1.22817949099993,52.097357489,1,20.73,19.74,4.31,58.8,40.91,5
"sp_086","Rodentia","fb_1036",4.77182050900007,52.097357489,1,20.73,19.74,4.31,58.8,40.91,5
"sp_087","Rodentia","fb_104",7.77182050900007,59.097357489,1,36.43,NA,5.01,NA,NA,NA
"sp_091","Chiroptera","fb_1022",-2.22817949099993,52.097357489,1,9.47,NA,1,252,NA,1
"sp_091","Chiroptera","fb_1040",6.77182050900007,52.097357489,1,9.47,NA,1,252,NA,1
"sp_091","Chiroptera","fb_1020",-3.22817949099993,52.097357489,1,9.47,NA,1,252,NA,1
"sp_091","Chiroptera","fb_1021",-2.72817949099993,52.097357489,1,9.47,NA,1,252,NA,1
"sp_093","Chiroptera","fb_1002",21.2718205090001,52.597357489,1,5.3,NA,NA,NA,NA,NA
"sp_093","Chiroptera","fb_1021",-2.72817949099993,52.097357489,1,5.3,NA,NA,NA,NA,NA
"sp_093","Chiroptera","fb_1001",20.7718205090001,52.597357489,1,5.3,NA,NA,NA,NA,NA
"sp_093","Chiroptera","fb_1027",0.271820509000072,52.097357489,1,5.3,NA,NA,NA,NA,NA
"sp_093","Chiroptera","fb_1019",-3.72817949099993,52.097357489,1,5.3,NA,NA,NA,NA,NA
"sp_093","Chiroptera","fb_1022",-2.22817949099993,52.097357489,1,5.3,NA,NA,NA,NA,NA
"sp_093","Chiroptera","fb_1026",-0.228179490999928,52.097357489,1,5.3,NA,NA,NA,NA,NA
"sp_093","Chiroptera","fb_1018",-4.22817949099993,52.097357489,1,5.3,NA,NA,NA,NA,NA
"sp_093","Chiroptera","fb_1025",-0.728179490999928,52.097357489,1,5.3,NA,NA,NA,NA,NA
"sp_093","Chiroptera","fb_1029",1.27182050900007,52.097357489,1,5.3,NA,NA,NA,NA,NA
"sp_093","Chiroptera","fb_1028",0.771820509000072,52.097357489,1,5.3,NA,NA,NA,NA,NA
"sp_093","Chiroptera","fb_1040",6.77182050900007,52.097357489,1,5.3,NA,NA,NA,NA,NA
"sp_093","Chiroptera","fb_1023",-1.72817949099993,52.097357489,1,5.3,NA,NA,NA,NA,NA
"sp_093","Chiroptera","fb_1024",-1.22817949099993,52.097357489,1,5.3,NA,NA,NA,NA,NA
"sp_093","Chiroptera","fb_1020",-3.22817949099993,52.097357489,1,5.3,NA,NA,NA,NA,NA
"sp_093","Chiroptera","fb_1000",20.2718205090001,52.597357489,1,5.3,NA,NA,NA,NA,NA
"sp_093","Chiroptera","fb_1017",-4.72817949099993,52.097357489,1,5.3,NA,NA,NA,NA,NA
"sp_095","Chiroptera","fb_1038",5.77182050900007,52.097357489,1,15.16,NA,1,234,NA,1
"sp_095","Chiroptera","fb_1035",4.27182050900007,52.097357489,1,15.16,NA,1,234,NA,1
"sp_095","Chiroptera","fb_1036",4.77182050900007,52.097357489,1,15.16,NA,1,234,NA,1
"sp_095","Chiroptera","fb_1002",21.2718205090001,52.597357489,1,15.16,NA,1,234,NA,1
"sp_095","Chiroptera","fb_1039",6.27182050900007,52.097357489,1,15.16,NA,1,234,NA,1
"sp_095","Chiroptera","fb_1040",6.77182050900007,52.097357489,1,15.16,NA,1,234,NA,1
"sp_095","Chiroptera","fb_1001",20.7718205090001,52.597357489,1,15.16,NA,1,234,NA,1
"sp_095","Chiroptera","fb_1037",5.27182050900007,52.097357489,1,15.16,NA,1,234,NA,1
"sp_095","Chiroptera","fb_1000",20.2718205090001,52.597357489,1,15.16,NA,1,234,NA,1
"sp_096","Chiroptera","fb_1020",-3.22817949099993,52.097357489,1,7.63,55.14,1.21,336,371.23,2
"sp_096","Chiroptera","fb_1010",-8.22817949099993,52.097357489,1,7.63,55.14,1.21,336,371.23,2
"sp_096","Chiroptera","fb_1017",-4.72817949099993,52.097357489,1,7.63,55.14,1.21,336,371.23,2
"sp_096","Chiroptera","fb_1001",20.7718205090001,52.597357489,1,7.63,55.14,1.21,336,371.23,2
"sp_096","Chiroptera","fb_1002",21.2718205090001,52.597357489,1,7.63,55.14,1.21,336,371.23,2
"sp_096","Chiroptera","fb_1036",4.77182050900007,52.097357489,1,7.63,55.14,1.21,336,371.23,2
"sp_096","Chiroptera","fb_103",7.27182050900007,59.097357489,1,7.63,55.14,1.21,336,371.23,2
"sp_096","Chiroptera","fb_1022",-2.22817949099993,52.097357489,1,7.63,55.14,1.21,336,371.23,2
"sp_096","Chiroptera","fb_104",7.77182050900007,59.097357489,1,7.63,55.14,1.21,336,371.23,2
"sp_096","Chiroptera","fb_1025",-0.728179490999928,52.097357489,1,7.63,55.14,1.21,336,371.23,2
"sp_096","Chiroptera","fb_1023",-1.72817949099993,52.097357489,1,7.63,55.14,1.21,336,371.23,2
"sp_096","Chiroptera","fb_1035",4.27182050900007,52.097357489,1,7.63,55.14,1.21,336,371.23,2
"sp_096","Chiroptera","fb_102",6.77182050900007,59.097357489,1,7.63,55.14,1.21,336,371.23,2
"sp_096","Chiroptera","fb_1009",-8.72817949099993,52.097357489,1,7.63,55.14,1.21,336,371.23,2
"sp_096","Chiroptera","fb_1026",-0.228179490999928,52.097357489,1,7.63,55.14,1.21,336,371.23,2
"sp_096","Chiroptera","fb_1008",-9.22817949099993,52.097357489,1,7.63,55.14,1.21,336,371.23,2
"sp_096","Chiroptera","fb_1028",0.771820509000072,52.097357489,1,7.63,55.14,1.21,336,371.23,2
"sp_096","Chiroptera","fb_1027",0.271820509000072,52.097357489,1,7.63,55.14,1.21,336,371.23,2
"sp_096","Chiroptera","fb_1037",5.27182050900007,52.097357489,1,7.63,55.14,1.21,336,371.23,2
"sp_096","Chiroptera","fb_1029",1.27182050900007,52.097357489,1,7.63,55.14,1.21,336,371.23,2
"sp_096","Chiroptera","fb_1018",-4.22817949099993,52.097357489,1,7.63,55.14,1.21,336,371.23,2
"sp_096","Chiroptera","fb_1000",20.2718205090001,52.597357489,1,7.63,55.14,1.21,336,371.23,2
"sp_096","Chiroptera","fb_1011",-7.72817949099993,52.097357489,1,7.63,55.14,1.21,336,371.23,2
"sp_096","Chiroptera","fb_1021",-2.72817949099993,52.097357489,1,7.63,55.14,1.21,336,371.23,2
"sp_096","Chiroptera","fb_1019",-3.72817949099993,52.097357489,1,7.63,55.14,1.21,336,371.23,2
"sp_096","Chiroptera","fb_1007",-9.72817949099993,52.097357489,1,7.63,55.14,1.21,336,371.23,2
"sp_096","Chiroptera","fb_1024",-1.22817949099993,52.097357489,1,7.63,55.14,1.21,336,371.23,2
"sp_096","Chiroptera","fb_1039",6.27182050900007,52.097357489,1,7.63,55.14,1.21,336,371.23,2
"sp_096","Chiroptera","fb_1038",5.77182050900007,52.097357489,1,7.63,55.14,1.21,336,371.23,2
"sp_096","Chiroptera","fb_101",6.27182050900007,59.097357489,1,7.63,55.14,1.21,336,371.23,2
"sp_098","Chiroptera","fb_1039",6.27182050900007,52.097357489,1,25.59,73,1.5,264,399.6,1
"sp_098","Chiroptera","fb_1000",20.2718205090001,52.597357489,1,25.59,73,1.5,264,399.6,1
"sp_098","Chiroptera","fb_1038",5.77182050900007,52.097357489,1,25.59,73,1.5,264,399.6,1
"sp_099","Chiroptera","fb_1028",0.771820509000072,52.097357489,1,NA,NA,NA,NA,NA,NA
"sp_099","Chiroptera","fb_1027",0.271820509000072,52.097357489,1,NA,NA,NA,NA,NA,NA
"sp_099","Chiroptera","fb_1029",1.27182050900007,52.097357489,1,NA,NA,NA,NA,NA,NA
"sp_099","Chiroptera","fb_1017",-4.72817949099993,52.097357489,1,NA,NA,NA,NA,NA,NA
"sp_099","Chiroptera","fb_1026",-0.228179490999928,52.097357489,1,NA,NA,NA,NA,NA,NA
"sp_099","Chiroptera","fb_1018",-4.22817949099993,52.097357489,1,NA,NA,NA,NA,NA,NA
"sp_099","Chiroptera","fb_1037",5.27182050900007,52.097357489,1,NA,NA,NA,NA,NA,NA
"sp_099","Chiroptera","fb_1010",-8.22817949099993,52.097357489,1,NA,NA,NA,NA,NA,NA
"sp_099","Chiroptera","fb_1011",-7.72817949099993,52.097357489,1,NA,NA,NA,NA,NA,NA
"sp_099","Chiroptera","fb_1000",20.2718205090001,52.597357489,1,NA,NA,NA,NA,NA,NA
"sp_099","Chiroptera","fb_1002",21.2718205090001,52.597357489,1,NA,NA,NA,NA,NA,NA
"sp_099","Chiroptera","fb_1023",-1.72817949099993,52.097357489,1,NA,NA,NA,NA,NA,NA
"sp_099","Chiroptera","fb_1021",-2.72817949099993,52.097357489,1,NA,NA,NA,NA,NA,NA
"sp_099","Chiroptera","fb_1007",-9.72817949099993,52.097357489,1,NA,NA,NA,NA,NA,NA
"sp_099","Chiroptera","fb_1038",5.77182050900007,52.097357489,1,NA,NA,NA,NA,NA,NA
"sp_099","Chiroptera","fb_1036",4.77182050900007,52.097357489,1,NA,NA,NA,NA,NA,NA
"sp_099","Chiroptera","fb_1008",-9.22817949099993,52.097357489,1,NA,NA,NA,NA,NA,NA
"sp_099","Chiroptera","fb_1019",-3.72817949099993,52.097357489,1,NA,NA,NA,NA,NA,NA
"sp_099","Chiroptera","fb_1020",-3.22817949099993,52.097357489,1,NA,NA,NA,NA,NA,NA
"sp_099","Chiroptera","fb_1009",-8.72817949099993,52.097357489,1,NA,NA,NA,NA,NA,NA
"sp_099","Chiroptera","fb_1001",20.7718205090001,52.597357489,1,NA,NA,NA,NA,NA,NA
"sp_099","Chiroptera","fb_1025",-0.728179490999928,52.097357489,1,NA,NA,NA,NA,NA,NA
"sp_099","Chiroptera","fb_1024",-1.22817949099993,52.097357489,1,NA,NA,NA,NA,NA,NA
"sp_099","Chiroptera","fb_1022",-2.22817949099993,52.097357489,1,NA,NA,NA,NA,NA,NA
"sp_099","Chiroptera","fb_1039",6.27182050900007,52.097357489,1,NA,NA,NA,NA,NA,NA
"sp_099","Chiroptera","fb_1035",4.27182050900007,52.097357489,1,NA,NA,NA,NA,NA,NA
"sp_100","Chiroptera","fb_1029",1.27182050900007,52.097357489,1,7.25,NA,0.99,180,NA,1
"sp_100","Chiroptera","fb_1037",5.27182050900007,52.097357489,1,7.25,NA,0.99,180,NA,1
"sp_100","Chiroptera","fb_1000",20.2718205090001,52.597357489,1,7.25,NA,0.99,180,NA,1
"sp_100","Chiroptera","fb_1010",-8.22817949099993,52.097357489,1,7.25,NA,0.99,180,NA,1
"sp_100","Chiroptera","fb_1002",21.2718205090001,52.597357489,1,7.25,NA,0.99,180,NA,1
"sp_100","Chiroptera","fb_1020",-3.22817949099993,52.097357489,1,7.25,NA,0.99,180,NA,1
"sp_100","Chiroptera","fb_1021",-2.72817949099993,52.097357489,1,7.25,NA,0.99,180,NA,1
"sp_100","Chiroptera","fb_1027",0.271820509000072,52.097357489,1,7.25,NA,0.99,180,NA,1
"sp_100","Chiroptera","fb_1017",-4.72817949099993,52.097357489,1,7.25,NA,0.99,180,NA,1
"sp_100","Chiroptera","fb_1022",-2.22817949099993,52.097357489,1,7.25,NA,0.99,180,NA,1
"sp_100","Chiroptera","fb_1026",-0.228179490999928,52.097357489,1,7.25,NA,0.99,180,NA,1
"sp_100","Chiroptera","fb_1038",5.77182050900007,52.097357489,1,7.25,NA,0.99,180,NA,1
"sp_100","Chiroptera","fb_1036",4.77182050900007,52.097357489,1,7.25,NA,0.99,180,NA,1
"sp_100","Chiroptera","fb_1028",0.771820509000072,52.097357489,1,7.25,NA,0.99,180,NA,1
"sp_100","Chiroptera","fb_1019",-3.72817949099993,52.097357489,1,7.25,NA,0.99,180,NA,1
"sp_100","Chiroptera","fb_1024",-1.22817949099993,52.097357489,1,7.25,NA,0.99,180,NA,1
"sp_100","Chiroptera","fb_1023",-1.72817949099993,52.097357489,1,7.25,NA,0.99,180,NA,1
"sp_100","Chiroptera","fb_1008",-9.22817949099993,52.097357489,1,7.25,NA,0.99,180,NA,1
"sp_100","Chiroptera","fb_1025",-0.728179490999928,52.097357489,1,7.25,NA,0.99,180,NA,1
"sp_100","Chiroptera","fb_1039",6.27182050900007,52.097357489,1,7.25,NA,0.99,180,NA,1
"sp_100","Chiroptera","fb_1011",-7.72817949099993,52.097357489,1,7.25,NA,0.99,180,NA,1
"sp_100","Chiroptera","fb_1009",-8.72817949099993,52.097357489,1,7.25,NA,0.99,180,NA,1
"sp_100","Chiroptera","fb_1001",20.7718205090001,52.597357489,1,7.25,NA,0.99,180,NA,1
"sp_100","Chiroptera","fb_1018",-4.22817949099993,52.097357489,1,7.25,NA,0.99,180,NA,1
"sp_100","Chiroptera","fb_1035",4.27182050900007,52.097357489,1,7.25,NA,0.99,180,NA,1
"sp_100","Chiroptera","fb_1007",-9.72817949099993,52.097357489,1,7.25,NA,0.99,180,NA,1
"sp_104","Chiroptera","fb_1022",-2.22817949099993,52.097357489,1,12.47,NA,1.73,NA,NA,NA
"sp_104","Chiroptera","fb_1029",1.27182050900007,52.097357489,1,12.47,NA,1.73,NA,NA,NA
"sp_104","Chiroptera","fb_1001",20.7718205090001,52.597357489,1,12.47,NA,1.73,NA,NA,NA
"sp_104","Chiroptera","fb_1027",0.271820509000072,52.097357489,1,12.47,NA,1.73,NA,NA,NA
"sp_104","Chiroptera","fb_1026",-0.228179490999928,52.097357489,1,12.47,NA,1.73,NA,NA,NA
"sp_104","Chiroptera","fb_1000",20.2718205090001,52.597357489,1,12.47,NA,1.73,NA,NA,NA
"sp_104","Chiroptera","fb_1008",-9.22817949099993,52.097357489,1,12.47,NA,1.73,NA,NA,NA
"sp_104","Chiroptera","fb_1007",-9.72817949099993,52.097357489,1,12.47,NA,1.73,NA,NA,NA
"sp_104","Chiroptera","fb_1010",-8.22817949099993,52.097357489,1,12.47,NA,1.73,NA,NA,NA
"sp_104","Chiroptera","fb_1020",-3.22817949099993,52.097357489,1,12.47,NA,1.73,NA,NA,NA
"sp_104","Chiroptera","fb_1023",-1.72817949099993,52.097357489,1,12.47,NA,1.73,NA,NA,NA
"sp_104","Chiroptera","fb_1025",-0.728179490999928,52.097357489,1,12.47,NA,1.73,NA,NA,NA
"sp_104","Chiroptera","fb_1011",-7.72817949099993,52.097357489,1,12.47,NA,1.73,NA,NA,NA
"sp_104","Chiroptera","fb_1024",-1.22817949099993,52.097357489,1,12.47,NA,1.73,NA,NA,NA
"sp_104","Chiroptera","fb_1002",21.2718205090001,52.597357489,1,12.47,NA,1.73,NA,NA,NA
"sp_104","Chiroptera","fb_1021",-2.72817949099993,52.097357489,1,12.47,NA,1.73,NA,NA,NA
"sp_104","Chiroptera","fb_1009",-8.72817949099993,52.097357489,1,12.47,NA,1.73,NA,NA,NA
"sp_104","Chiroptera","fb_1028",0.771820509000072,52.097357489,1,12.47,NA,1.73,NA,NA,NA
"sp_105","Chiroptera","fb_1027",0.271820509000072,52.097357489,1,28.48,72.24,1.33,144,415.81,1
"sp_105","Chiroptera","fb_1000",20.2718205090001,52.597357489,1,28.48,72.24,1.33,144,415.81,1
"sp_105","Chiroptera","fb_1017",-4.72817949099993,52.097357489,1,28.48,72.24,1.33,144,415.81,1
"sp_105","Chiroptera","fb_1036",4.77182050900007,52.097357489,1,28.48,72.24,1.33,144,415.81,1
"sp_105","Chiroptera","fb_1020",-3.22817949099993,52.097357489,1,28.48,72.24,1.33,144,415.81,1
"sp_105","Chiroptera","fb_1029",1.27182050900007,52.097357489,1,28.48,72.24,1.33,144,415.81,1
"sp_105","Chiroptera","fb_1026",-0.228179490999928,52.097357489,1,28.48,72.24,1.33,144,415.81,1
"sp_105","Chiroptera","fb_1019",-3.72817949099993,52.097357489,1,28.48,72.24,1.33,144,415.81,1
"sp_105","Chiroptera","fb_1022",-2.22817949099993,52.097357489,1,28.48,72.24,1.33,144,415.81,1
"sp_105","Chiroptera","fb_1023",-1.72817949099993,52.097357489,1,28.48,72.24,1.33,144,415.81,1
"sp_105","Chiroptera","fb_1021",-2.72817949099993,52.097357489,1,28.48,72.24,1.33,144,415.81,1
"sp_105","Chiroptera","fb_1025",-0.728179490999928,52.097357489,1,28.48,72.24,1.33,144,415.81,1
"sp_105","Chiroptera","fb_1039",6.27182050900007,52.097357489,1,28.48,72.24,1.33,144,415.81,1
"sp_105","Chiroptera","fb_1018",-4.22817949099993,52.097357489,1,28.48,72.24,1.33,144,415.81,1
"sp_105","Chiroptera","fb_1038",5.77182050900007,52.097357489,1,28.48,72.24,1.33,144,415.81,1
"sp_105","Chiroptera","fb_1001",20.7718205090001,52.597357489,1,28.48,72.24,1.33,144,415.81,1
"sp_105","Chiroptera","fb_1035",4.27182050900007,52.097357489,1,28.48,72.24,1.33,144,415.81,1
"sp_105","Chiroptera","fb_1002",21.2718205090001,52.597357489,1,28.48,72.24,1.33,144,415.81,1
"sp_105","Chiroptera","fb_1037",5.27182050900007,52.097357489,1,28.48,72.24,1.33,144,415.81,1
"sp_105","Chiroptera","fb_1024",-1.22817949099993,52.097357489,1,28.48,72.24,1.33,144,415.81,1
"sp_105","Chiroptera","fb_1028",0.771820509000072,52.097357489,1,28.48,72.24,1.33,144,415.81,1
"sp_106","Carnivora","fb_1000",20.2718205090001,52.597357489,1,4214.99,61.84,6.36,168,326.63,6
"sp_106","Carnivora","fb_1002",21.2718205090001,52.597357489,1,4214.99,61.84,6.36,168,326.63,6
"sp_106","Carnivora","fb_1039",6.27182050900007,52.097357489,1,4214.99,61.84,6.36,168,326.63,6
"sp_106","Carnivora","fb_1001",20.7718205090001,52.597357489,1,4214.99,61.84,6.36,168,326.63,6
"sp_110","Chiroptera","fb_1020",-3.22817949099993,52.097357489,1,7.44,NA,1.73,96,105.22,NA
"sp_110","Chiroptera","fb_1000",20.2718205090001,52.597357489,1,7.44,NA,1.73,96,105.22,NA
"sp_110","Chiroptera","fb_1022",-2.22817949099993,52.097357489,1,7.44,NA,1.73,96,105.22,NA
"sp_110","Chiroptera","fb_1002",21.2718205090001,52.597357489,1,7.44,NA,1.73,96,105.22,NA
"sp_110","Chiroptera","fb_1019",-3.72817949099993,52.097357489,1,7.44,NA,1.73,96,105.22,NA
"sp_110","Chiroptera","fb_1024",-1.22817949099993,52.097357489,1,7.44,NA,1.73,96,105.22,NA
"sp_110","Chiroptera","fb_1018",-4.22817949099993,52.097357489,1,7.44,NA,1.73,96,105.22,NA
"sp_110","Chiroptera","fb_1029",1.27182050900007,52.097357489,1,7.44,NA,1.73,96,105.22,NA
"sp_110","Chiroptera","fb_1023",-1.72817949099993,52.097357489,1,7.44,NA,1.73,96,105.22,NA
"sp_110","Chiroptera","fb_1035",4.27182050900007,52.097357489,1,7.44,NA,1.73,96,105.22,NA
"sp_110","Chiroptera","fb_1027",0.271820509000072,52.097357489,1,7.44,NA,1.73,96,105.22,NA
"sp_110","Chiroptera","fb_1025",-0.728179490999928,52.097357489,1,7.44,NA,1.73,96,105.22,NA
"sp_110","Chiroptera","fb_1037",5.27182050900007,52.097357489,1,7.44,NA,1.73,96,105.22,NA
"sp_110","Chiroptera","fb_1021",-2.72817949099993,52.097357489,1,7.44,NA,1.73,96,105.22,NA
"sp_110","Chiroptera","fb_1017",-4.72817949099993,52.097357489,1,7.44,NA,1.73,96,105.22,NA
"sp_110","Chiroptera","fb_1026",-0.228179490999928,52.097357489,1,7.44,NA,1.73,96,105.22,NA
"sp_110","Chiroptera","fb_1001",20.7718205090001,52.597357489,1,7.44,NA,1.73,96,105.22,NA
"sp_110","Chiroptera","fb_1038",5.77182050900007,52.097357489,1,7.44,NA,1.73,96,105.22,NA
"sp_110","Chiroptera","fb_1036",4.77182050900007,52.097357489,1,7.44,NA,1.73,96,105.22,NA
"sp_110","Chiroptera","fb_101",6.27182050900007,59.097357489,1,7.44,NA,1.73,96,105.22,NA
"sp_110","Chiroptera","fb_1028",0.771820509000072,52.097357489,1,7.44,NA,1.73,96,105.22,NA
"sp_110","Chiroptera","fb_1039",6.27182050900007,52.097357489,1,7.44,NA,1.73,96,105.22,NA
"sp_111","Chiroptera","fb_1026",-0.228179490999928,52.097357489,1,5.3,44,1.37,200.4,248.48,1
"sp_111","Chiroptera","fb_1025",-0.728179490999928,52.097357489,1,5.3,44,1.37,200.4,248.48,1
"sp_111","Chiroptera","fb_1020",-3.22817949099993,52.097357489,1,5.3,44,1.37,200.4,248.48,1
"sp_111","Chiroptera","fb_1037",5.27182050900007,52.097357489,1,5.3,44,1.37,200.4,248.48,1
"sp_111","Chiroptera","fb_1008",-9.22817949099993,52.097357489,1,5.3,44,1.37,200.4,248.48,1
"sp_111","Chiroptera","fb_1029",1.27182050900007,52.097357489,1,5.3,44,1.37,200.4,248.48,1
"sp_111","Chiroptera","fb_1010",-8.22817949099993,52.097357489,1,5.3,44,1.37,200.4,248.48,1
"sp_111","Chiroptera","fb_1000",20.2718205090001,52.597357489,1,5.3,44,1.37,200.4,248.48,1
"sp_111","Chiroptera","fb_1019",-3.72817949099993,52.097357489,1,5.3,44,1.37,200.4,248.48,1
"sp_111","Chiroptera","fb_1021",-2.72817949099993,52.097357489,1,5.3,44,1.37,200.4,248.48,1
"sp_111","Chiroptera","fb_1018",-4.22817949099993,52.097357489,1,5.3,44,1.37,200.4,248.48,1
"sp_111","Chiroptera","fb_1036",4.77182050900007,52.097357489,1,5.3,44,1.37,200.4,248.48,1
"sp_111","Chiroptera","fb_1011",-7.72817949099993,52.097357489,1,5.3,44,1.37,200.4,248.48,1
"sp_111","Chiroptera","fb_1001",20.7718205090001,52.597357489,1,5.3,44,1.37,200.4,248.48,1
"sp_111","Chiroptera","fb_1002",21.2718205090001,52.597357489,1,5.3,44,1.37,200.4,248.48,1
"sp_111","Chiroptera","fb_1023",-1.72817949099993,52.097357489,1,5.3,44,1.37,200.4,248.48,1
"sp_111","Chiroptera","fb_1017",-4.72817949099993,52.097357489,1,5.3,44,1.37,200.4,248.48,1
"sp_111","Chiroptera","fb_1009",-8.72817949099993,52.097357489,1,5.3,44,1.37,200.4,248.48,1
"sp_111","Chiroptera","fb_1035",4.27182050900007,52.097357489,1,5.3,44,1.37,200.4,248.48,1
"sp_111","Chiroptera","fb_1039",6.27182050900007,52.097357489,1,5.3,44,1.37,200.4,248.48,1
"sp_111","Chiroptera","fb_1028",0.771820509000072,52.097357489,1,5.3,44,1.37,200.4,248.48,1
"sp_111","Chiroptera","fb_1022",-2.22817949099993,52.097357489,1,5.3,44,1.37,200.4,248.48,1
"sp_111","Chiroptera","fb_1024",-1.22817949099993,52.097357489,1,5.3,44,1.37,200.4,248.48,1
"sp_111","Chiroptera","fb_1038",5.77182050900007,52.097357489,1,5.3,44,1.37,200.4,248.48,1
"sp_111","Chiroptera","fb_1007",-9.72817949099993,52.097357489,1,5.3,44,1.37,200.4,248.48,1
"sp_111","Chiroptera","fb_1027",0.271820509000072,52.097357489,1,5.3,44,1.37,200.4,248.48,1
"sp_112","Chiroptera","fb_1010",-8.22817949099993,52.097357489,1,NA,NA,NA,NA,NA,NA
"sp_112","Chiroptera","fb_1008",-9.22817949099993,52.097357489,1,NA,NA,NA,NA,NA,NA
"sp_112","Chiroptera","fb_1020",-3.22817949099993,52.097357489,1,NA,NA,NA,NA,NA,NA
"sp_112","Chiroptera","fb_103",7.27182050900007,59.097357489,1,NA,NA,NA,NA,NA,NA
"sp_112","Chiroptera","fb_1026",-0.228179490999928,52.097357489,1,NA,NA,NA,NA,NA,NA
"sp_112","Chiroptera","fb_1025",-0.728179490999928,52.097357489,1,NA,NA,NA,NA,NA,NA
"sp_112","Chiroptera","fb_1018",-4.22817949099993,52.097357489,1,NA,NA,NA,NA,NA,NA
"sp_112","Chiroptera","fb_1002",21.2718205090001,52.597357489,1,NA,NA,NA,NA,NA,NA
"sp_112","Chiroptera","fb_104",7.77182050900007,59.097357489,1,NA,NA,NA,NA,NA,NA
"sp_112","Chiroptera","fb_1019",-3.72817949099993,52.097357489,1,NA,NA,NA,NA,NA,NA
"sp_112","Chiroptera","fb_102",6.77182050900007,59.097357489,1,NA,NA,NA,NA,NA,NA
"sp_112","Chiroptera","fb_1028",0.771820509000072,52.097357489,1,NA,NA,NA,NA,NA,NA
"sp_112","Chiroptera","fb_1021",-2.72817949099993,52.097357489,1,NA,NA,NA,NA,NA,NA
"sp_112","Chiroptera","fb_1022",-2.22817949099993,52.097357489,1,NA,NA,NA,NA,NA,NA
"sp_112","Chiroptera","fb_1011",-7.72817949099993,52.097357489,1,NA,NA,NA,NA,NA,NA
"sp_112","Chiroptera","fb_1001",20.7718205090001,52.597357489,1,NA,NA,NA,NA,NA,NA
"sp_112","Chiroptera","fb_1023",-1.72817949099993,52.097357489,1,NA,NA,NA,NA,NA,NA
"sp_112","Chiroptera","fb_1017",-4.72817949099993,52.097357489,1,NA,NA,NA,NA,NA,NA
"sp_112","Chiroptera","fb_1027",0.271820509000072,52.097357489,1,NA,NA,NA,NA,NA,NA
"sp_112","Chiroptera","fb_1024",-1.22817949099993,52.097357489,1,NA,NA,NA,NA,NA,NA
"sp_112","Chiroptera","fb_1000",20.2718205090001,52.597357489,1,NA,NA,NA,NA,NA,NA
"sp_112","Chiroptera","fb_1029",1.27182050900007,52.097357489,1,NA,NA,NA,NA,NA,NA
"sp_112","Chiroptera","fb_1007",-9.72817949099993,52.097357489,1,NA,NA,NA,NA,NA,NA
"sp_112","Chiroptera","fb_1009",-8.72817949099993,52.097357489,1,NA,NA,NA,NA,NA,NA
"sp_112","Chiroptera","fb_101",6.27182050900007,59.097357489,1,NA,NA,NA,NA,NA,NA
"sp_113","Chiroptera","fb_1018",-4.22817949099993,52.097357489,1,8.19,65.12,1.22,360,338.33,1
"sp_113","Chiroptera","fb_1023",-1.72817949099993,52.097357489,1,8.19,65.12,1.22,360,338.33,1
"sp_113","Chiroptera","fb_103",7.27182050900007,59.097357489,1,8.19,65.12,1.22,360,338.33,1
"sp_113","Chiroptera","fb_104",7.77182050900007,59.097357489,1,8.19,65.12,1.22,360,338.33,1
"sp_113","Chiroptera","fb_1021",-2.72817949099993,52.097357489,1,8.19,65.12,1.22,360,338.33,1
"sp_113","Chiroptera","fb_1026",-0.228179490999928,52.097357489,1,8.19,65.12,1.22,360,338.33,1
"sp_113","Chiroptera","fb_1010",-8.22817949099993,52.097357489,1,8.19,65.12,1.22,360,338.33,1
"sp_113","Chiroptera","fb_1008",-9.22817949099993,52.097357489,1,8.19,65.12,1.22,360,338.33,1
"sp_113","Chiroptera","fb_102",6.77182050900007,59.097357489,1,8.19,65.12,1.22,360,338.33,1
"sp_113","Chiroptera","fb_1036",4.77182050900007,52.097357489,1,8.19,65.12,1.22,360,338.33,1
"sp_113","Chiroptera","fb_1037",5.27182050900007,52.097357489,1,8.19,65.12,1.22,360,338.33,1
"sp_113","Chiroptera","fb_1027",0.271820509000072,52.097357489,1,8.19,65.12,1.22,360,338.33,1
"sp_113","Chiroptera","fb_1025",-0.728179490999928,52.097357489,1,8.19,65.12,1.22,360,338.33,1
"sp_113","Chiroptera","fb_1017",-4.72817949099993,52.097357489,1,8.19,65.12,1.22,360,338.33,1
"sp_113","Chiroptera","fb_1001",20.7718205090001,52.597357489,1,8.19,65.12,1.22,360,338.33,1
"sp_113","Chiroptera","fb_1011",-7.72817949099993,52.097357489,1,8.19,65.12,1.22,360,338.33,1
"sp_113","Chiroptera","fb_101",6.27182050900007,59.097357489,1,8.19,65.12,1.22,360,338.33,1
"sp_113","Chiroptera","fb_1020",-3.22817949099993,52.097357489,1,8.19,65.12,1.22,360,338.33,1
"sp_113","Chiroptera","fb_1000",20.2718205090001,52.597357489,1,8.19,65.12,1.22,360,338.33,1
"sp_113","Chiroptera","fb_1022",-2.22817949099993,52.097357489,1,8.19,65.12,1.22,360,338.33,1
"sp_113","Chiroptera","fb_1002",21.2718205090001,52.597357489,1,8.19,65.12,1.22,360,338.33,1
"sp_113","Chiroptera","fb_1024",-1.22817949099993,52.097357489,1,8.19,65.12,1.22,360,338.33,1
"sp_113","Chiroptera","fb_1028",0.771820509000072,52.097357489,1,8.19,65.12,1.22,360,338.33,1
"sp_113","Chiroptera","fb_1019",-3.72817949099993,52.097357489,1,8.19,65.12,1.22,360,338.33,1
"sp_113","Chiroptera","fb_1035",4.27182050900007,52.097357489,1,8.19,65.12,1.22,360,338.33,1
"sp_113","Chiroptera","fb_1007",-9.72817949099993,52.097357489,1,8.19,65.12,1.22,360,338.33,1
"sp_113","Chiroptera","fb_1038",5.77182050900007,52.097357489,1,8.19,65.12,1.22,360,338.33,1
"sp_113","Chiroptera","fb_1029",1.27182050900007,52.097357489,1,8.19,65.12,1.22,360,338.33,1
"sp_113","Chiroptera","fb_1009",-8.72817949099993,52.097357489,1,8.19,65.12,1.22,360,338.33,1
"sp_113","Chiroptera","fb_1039",6.27182050900007,52.097357489,1,8.19,65.12,1.22,360,338.33,1
"sp_114","Chiroptera","fb_1000",20.2718205090001,52.597357489,1,6.75,NA,NA,180,NA,NA
"sp_114","Chiroptera","fb_1001",20.7718205090001,52.597357489,1,6.75,NA,NA,180,NA,NA
"sp_114","Chiroptera","fb_1002",21.2718205090001,52.597357489,1,6.75,NA,NA,180,NA,NA
"sp_118","Cetartiodactyla","fb_103",7.27182050900007,59.097357489,1,109088.5,222.5,2,242.4,758.71,3
"sp_118","Cetartiodactyla","fb_104",7.77182050900007,59.097357489,1,109088.5,222.5,2,242.4,758.71,3
"sp_119","Rodentia","fb_1008",-9.22817949099993,52.097357489,1,282.89,21.74,8.99,NA,55.23,1
"sp_119","Rodentia","fb_1021",-2.72817949099993,52.097357489,1,282.89,21.74,8.99,NA,55.23,1
"sp_119","Rodentia","fb_1037",5.27182050900007,52.097357489,1,282.89,21.74,8.99,NA,55.23,1
"sp_119","Rodentia","fb_1010",-8.22817949099993,52.097357489,1,282.89,21.74,8.99,NA,55.23,1
"sp_119","Rodentia","fb_1018",-4.22817949099993,52.097357489,1,282.89,21.74,8.99,NA,55.23,1
"sp_119","Rodentia","fb_1017",-4.72817949099993,52.097357489,1,282.89,21.74,8.99,NA,55.23,1
"sp_119","Rodentia","fb_104",7.77182050900007,59.097357489,1,282.89,21.74,8.99,NA,55.23,1
"sp_119","Rodentia","fb_1028",0.771820509000072,52.097357489,1,282.89,21.74,8.99,NA,55.23,1
"sp_119","Rodentia","fb_1023",-1.72817949099993,52.097357489,1,282.89,21.74,8.99,NA,55.23,1
"sp_119","Rodentia","fb_1001",20.7718205090001,52.597357489,1,282.89,21.74,8.99,NA,55.23,1
"sp_119","Rodentia","fb_1011",-7.72817949099993,52.097357489,1,282.89,21.74,8.99,NA,55.23,1
"sp_119","Rodentia","fb_102",6.77182050900007,59.097357489,1,282.89,21.74,8.99,NA,55.23,1
"sp_119","Rodentia","fb_1002",21.2718205090001,52.597357489,1,282.89,21.74,8.99,NA,55.23,1
"sp_119","Rodentia","fb_1036",4.77182050900007,52.097357489,1,282.89,21.74,8.99,NA,55.23,1
"sp_119","Rodentia","fb_1019",-3.72817949099993,52.097357489,1,282.89,21.74,8.99,NA,55.23,1
"sp_119","Rodentia","fb_1025",-0.728179490999928,52.097357489,1,282.89,21.74,8.99,NA,55.23,1
"sp_119","Rodentia","fb_1029",1.27182050900007,52.097357489,1,282.89,21.74,8.99,NA,55.23,1
"sp_119","Rodentia","fb_101",6.27182050900007,59.097357489,1,282.89,21.74,8.99,NA,55.23,1
"sp_119","Rodentia","fb_103",7.27182050900007,59.097357489,1,282.89,21.74,8.99,NA,55.23,1
"sp_119","Rodentia","fb_1026",-0.228179490999928,52.097357489,1,282.89,21.74,8.99,NA,55.23,1
"sp_119","Rodentia","fb_1027",0.271820509000072,52.097357489,1,282.89,21.74,8.99,NA,55.23,1
"sp_119","Rodentia","fb_1020",-3.22817949099993,52.097357489,1,282.89,21.74,8.99,NA,55.23,1
"sp_119","Rodentia","fb_1022",-2.22817949099993,52.097357489,1,282.89,21.74,8.99,NA,55.23,1
"sp_119","Rodentia","fb_1024",-1.22817949099993,52.097357489,1,282.89,21.74,8.99,NA,55.23,1
"sp_119","Rodentia","fb_1009",-8.72817949099993,52.097357489,1,282.89,21.74,8.99,NA,55.23,1
"sp_119","Rodentia","fb_1007",-9.72817949099993,52.097357489,1,282.89,21.74,8.99,NA,55.23,1
"sp_119","Rodentia","fb_1039",6.27182050900007,52.097357489,1,282.89,21.74,8.99,NA,55.23,1
"sp_119","Rodentia","fb_1000",20.2718205090001,52.597357489,1,282.89,21.74,8.99,NA,55.23,1
"sp_119","Rodentia","fb_1035",4.27182050900007,52.097357489,1,282.89,21.74,8.99,NA,55.23,1
"sp_119","Rodentia","fb_1038",5.77182050900007,52.097357489,1,282.89,21.74,8.99,NA,55.23,1
"sp_120","Rodentia","fb_1038",5.77182050900007,52.097357489,1,142.68,23.45,5.88,50.4,115.29,5
"sp_120","Rodentia","fb_1039",6.27182050900007,52.097357489,1,142.68,23.45,5.88,50.4,115.29,5
"sp_120","Rodentia","fb_1035",4.27182050900007,52.097357489,1,142.68,23.45,5.88,50.4,115.29,5
"sp_120","Rodentia","fb_1037",5.27182050900007,52.097357489,1,142.68,23.45,5.88,50.4,115.29,5
"sp_120","Rodentia","fb_1036",4.77182050900007,52.097357489,1,142.68,23.45,5.88,50.4,115.29,5
"sp_123","Chiroptera","fb_1017",-4.72817949099993,52.097357489,1,22.59,91.24,0.98,360,827.69,1
"sp_123","Chiroptera","fb_1018",-4.22817949099993,52.097357489,1,22.59,91.24,0.98,360,827.69,1
"sp_123","Chiroptera","fb_1020",-3.22817949099993,52.097357489,1,22.59,91.24,0.98,360,827.69,1
"sp_123","Chiroptera","fb_1019",-3.72817949099993,52.097357489,1,22.59,91.24,0.98,360,827.69,1
"sp_123","Chiroptera","fb_1021",-2.72817949099993,52.097357489,1,22.59,91.24,0.98,360,827.69,1
"sp_124","Chiroptera","fb_1023",-1.72817949099993,52.097357489,1,4.57,75.51,1,252,447.26,1
"sp_124","Chiroptera","fb_1009",-8.72817949099993,52.097357489,1,4.57,75.51,1,252,447.26,1
"sp_124","Chiroptera","fb_1019",-3.72817949099993,52.097357489,1,4.57,75.51,1,252,447.26,1
"sp_124","Chiroptera","fb_1022",-2.22817949099993,52.097357489,1,4.57,75.51,1,252,447.26,1
"sp_124","Chiroptera","fb_1017",-4.72817949099993,52.097357489,1,4.57,75.51,1,252,447.26,1
"sp_124","Chiroptera","fb_1021",-2.72817949099993,52.097357489,1,4.57,75.51,1,252,447.26,1
"sp_124","Chiroptera","fb_1010",-8.22817949099993,52.097357489,1,4.57,75.51,1,252,447.26,1
"sp_124","Chiroptera","fb_1020",-3.22817949099993,52.097357489,1,4.57,75.51,1,252,447.26,1
"sp_124","Chiroptera","fb_1008",-9.22817949099993,52.097357489,1,4.57,75.51,1,252,447.26,1
"sp_124","Chiroptera","fb_1018",-4.22817949099993,52.097357489,1,4.57,75.51,1,252,447.26,1
"sp_124","Chiroptera","fb_1007",-9.72817949099993,52.097357489,1,4.57,75.51,1,252,447.26,1
"sp_129","Rodentia","fb_1009",-8.72817949099993,52.097357489,1,333,38,4.5,144,360.85,5
"sp_129","Rodentia","fb_1001",20.7718205090001,52.597357489,1,333,38,4.5,144,360.85,5
"sp_129","Rodentia","fb_1019",-3.72817949099993,52.097357489,1,333,38,4.5,144,360.85,5
"sp_129","Rodentia","fb_1017",-4.72817949099993,52.097357489,1,333,38,4.5,144,360.85,5
"sp_129","Rodentia","fb_1011",-7.72817949099993,52.097357489,1,333,38,4.5,144,360.85,5
"sp_129","Rodentia","fb_102",6.77182050900007,59.097357489,1,333,38,4.5,144,360.85,5
"sp_129","Rodentia","fb_1037",5.27182050900007,52.097357489,1,333,38,4.5,144,360.85,5
"sp_129","Rodentia","fb_1028",0.771820509000072,52.097357489,1,333,38,4.5,144,360.85,5
"sp_129","Rodentia","fb_1036",4.77182050900007,52.097357489,1,333,38,4.5,144,360.85,5
"sp_129","Rodentia","fb_1018",-4.22817949099993,52.097357489,1,333,38,4.5,144,360.85,5
"sp_129","Rodentia","fb_1008",-9.22817949099993,52.097357489,1,333,38,4.5,144,360.85,5
"sp_129","Rodentia","fb_1020",-3.22817949099993,52.097357489,1,333,38,4.5,144,360.85,5
"sp_129","Rodentia","fb_1038",5.77182050900007,52.097357489,1,333,38,4.5,144,360.85,5
"sp_129","Rodentia","fb_1035",4.27182050900007,52.097357489,1,333,38,4.5,144,360.85,5
"sp_129","Rodentia","fb_1002",21.2718205090001,52.597357489,1,333,38,4.5,144,360.85,5
"sp_129","Rodentia","fb_1039",6.27182050900007,52.097357489,1,333,38,4.5,144,360.85,5
"sp_129","Rodentia","fb_1010",-8.22817949099993,52.097357489,1,333,38,4.5,144,360.85,5
"sp_129","Rodentia","fb_104",7.77182050900007,59.097357489,1,333,38,4.5,144,360.85,5
"sp_129","Rodentia","fb_1007",-9.72817949099993,52.097357489,1,333,38,4.5,144,360.85,5
"sp_129","Rodentia","fb_101",6.27182050900007,59.097357489,1,333,38,4.5,144,360.85,5
"sp_129","Rodentia","fb_103",7.27182050900007,59.097357489,1,333,38,4.5,144,360.85,5
"sp_129","Rodentia","fb_1000",20.2718205090001,52.597357489,1,333,38,4.5,144,360.85,5
"sp_130","Rodentia","fb_1001",20.7718205090001,52.597357489,1,8.92,31.5,5.29,48,377.57,NA
"sp_130","Rodentia","fb_1002",21.2718205090001,52.597357489,1,8.92,31.5,5.29,48,377.57,NA
"sp_130","Rodentia","fb_1000",20.2718205090001,52.597357489,1,8.92,31.5,5.29,48,377.57,NA
"sp_133","Eulipotyphla","fb_1017",-4.72817949099993,52.097357489,1,9.18,21.5,6.56,24,312.9,5
"sp_133","Eulipotyphla","fb_1001",20.7718205090001,52.597357489,1,9.18,21.5,6.56,24,312.9,5
"sp_133","Eulipotyphla","fb_1021",-2.72817949099993,52.097357489,1,9.18,21.5,6.56,24,312.9,5
"sp_133","Eulipotyphla","fb_1037",5.27182050900007,52.097357489,1,9.18,21.5,6.56,24,312.9,5
"sp_133","Eulipotyphla","fb_1025",-0.728179490999928,52.097357489,1,9.18,21.5,6.56,24,312.9,5
"sp_133","Eulipotyphla","fb_102",6.77182050900007,59.097357489,1,9.18,21.5,6.56,24,312.9,5
"sp_133","Eulipotyphla","fb_1029",1.27182050900007,52.097357489,1,9.18,21.5,6.56,24,312.9,5
"sp_133","Eulipotyphla","fb_1019",-3.72817949099993,52.097357489,1,9.18,21.5,6.56,24,312.9,5
"sp_133","Eulipotyphla","fb_1035",4.27182050900007,52.097357489,1,9.18,21.5,6.56,24,312.9,5
"sp_133","Eulipotyphla","fb_1026",-0.228179490999928,52.097357489,1,9.18,21.5,6.56,24,312.9,5
"sp_133","Eulipotyphla","fb_1039",6.27182050900007,52.097357489,1,9.18,21.5,6.56,24,312.9,5
"sp_133","Eulipotyphla","fb_104",7.77182050900007,59.097357489,1,9.18,21.5,6.56,24,312.9,5
"sp_133","Eulipotyphla","fb_1023",-1.72817949099993,52.097357489,1,9.18,21.5,6.56,24,312.9,5
"sp_133","Eulipotyphla","fb_1038",5.77182050900007,52.097357489,1,9.18,21.5,6.56,24,312.9,5
"sp_133","Eulipotyphla","fb_1022",-2.22817949099993,52.097357489,1,9.18,21.5,6.56,24,312.9,5
"sp_133","Eulipotyphla","fb_101",6.27182050900007,59.097357489,1,9.18,21.5,6.56,24,312.9,5
"sp_133","Eulipotyphla","fb_1036",4.77182050900007,52.097357489,1,9.18,21.5,6.56,24,312.9,5
"sp_133","Eulipotyphla","fb_1018",-4.22817949099993,52.097357489,1,9.18,21.5,6.56,24,312.9,5
"sp_133","Eulipotyphla","fb_1024",-1.22817949099993,52.097357489,1,9.18,21.5,6.56,24,312.9,5
"sp_133","Eulipotyphla","fb_1020",-3.22817949099993,52.097357489,1,9.18,21.5,6.56,24,312.9,5
"sp_133","Eulipotyphla","fb_1002",21.2718205090001,52.597357489,1,9.18,21.5,6.56,24,312.9,5
"sp_133","Eulipotyphla","fb_1028",0.771820509000072,52.097357489,1,9.18,21.5,6.56,24,312.9,5
"sp_133","Eulipotyphla","fb_103",7.27182050900007,59.097357489,1,9.18,21.5,6.56,24,312.9,5
"sp_133","Eulipotyphla","fb_1027",0.271820509000072,52.097357489,1,9.18,21.5,6.56,24,312.9,5
"sp_133","Eulipotyphla","fb_1000",20.2718205090001,52.597357489,1,9.18,21.5,6.56,24,312.9,5
"sp_134","Eulipotyphla","fb_1036",4.77182050900007,52.097357489,1,9.32,23.99,4.94,13.5,278.42,1
"sp_134","Eulipotyphla","fb_1039",6.27182050900007,52.097357489,1,9.32,23.99,4.94,13.5,278.42,1
"sp_134","Eulipotyphla","fb_1038",5.77182050900007,52.097357489,1,9.32,23.99,4.94,13.5,278.42,1
"sp_134","Eulipotyphla","fb_1037",5.27182050900007,52.097357489,1,9.32,23.99,4.94,13.5,278.42,1
"sp_137","Eulipotyphla","fb_1038",5.77182050900007,52.097357489,1,4.32,23.81,6.04,24,353.38,5
"sp_137","Eulipotyphla","fb_1023",-1.72817949099993,52.097357489,1,4.32,23.81,6.04,24,353.38,5
"sp_137","Eulipotyphla","fb_1001",20.7718205090001,52.597357489,1,4.32,23.81,6.04,24,353.38,5
"sp_137","Eulipotyphla","fb_104",7.77182050900007,59.097357489,1,4.32,23.81,6.04,24,353.38,5
"sp_137","Eulipotyphla","fb_1039",6.27182050900007,52.097357489,1,4.32,23.81,6.04,24,353.38,5
"sp_137","Eulipotyphla","fb_1028",0.771820509000072,52.097357489,1,4.32,23.81,6.04,24,353.38,5
"sp_137","Eulipotyphla","fb_1036",4.77182050900007,52.097357489,1,4.32,23.81,6.04,24,353.38,5
"sp_137","Eulipotyphla","fb_1037",5.27182050900007,52.097357489,1,4.32,23.81,6.04,24,353.38,5
"sp_137","Eulipotyphla","fb_1035",4.27182050900007,52.097357489,1,4.32,23.81,6.04,24,353.38,5
"sp_137","Eulipotyphla","fb_1022",-2.22817949099993,52.097357489,1,4.32,23.81,6.04,24,353.38,5
"sp_137","Eulipotyphla","fb_1011",-7.72817949099993,52.097357489,1,4.32,23.81,6.04,24,353.38,5
"sp_137","Eulipotyphla","fb_1026",-0.228179490999928,52.097357489,1,4.32,23.81,6.04,24,353.38,5
"sp_137","Eulipotyphla","fb_102",6.77182050900007,59.097357489,1,4.32,23.81,6.04,24,353.38,5
"sp_137","Eulipotyphla","fb_103",7.27182050900007,59.097357489,1,4.32,23.81,6.04,24,353.38,5
"sp_137","Eulipotyphla","fb_1018",-4.22817949099993,52.097357489,1,4.32,23.81,6.04,24,353.38,5
"sp_137","Eulipotyphla","fb_1019",-3.72817949099993,52.097357489,1,4.32,23.81,6.04,24,353.38,5
"sp_137","Eulipotyphla","fb_101",6.27182050900007,59.097357489,1,4.32,23.81,6.04,24,353.38,5
"sp_137","Eulipotyphla","fb_1008",-9.22817949099993,52.097357489,1,4.32,23.81,6.04,24,353.38,5
"sp_137","Eulipotyphla","fb_1002",21.2718205090001,52.597357489,1,4.32,23.81,6.04,24,353.38,5
"sp_137","Eulipotyphla","fb_1029",1.27182050900007,52.097357489,1,4.32,23.81,6.04,24,353.38,5
"sp_137","Eulipotyphla","fb_1009",-8.72817949099993,52.097357489,1,4.32,23.81,6.04,24,353.38,5
"sp_137","Eulipotyphla","fb_1010",-8.22817949099993,52.097357489,1,4.32,23.81,6.04,24,353.38,5
"sp_137","Eulipotyphla","fb_1017",-4.72817949099993,52.097357489,1,4.32,23.81,6.04,24,353.38,5
"sp_137","Eulipotyphla","fb_1020",-3.22817949099993,52.097357489,1,4.32,23.81,6.04,24,353.38,5
"sp_137","Eulipotyphla","fb_1025",-0.728179490999928,52.097357489,1,4.32,23.81,6.04,24,353.38,5
"sp_137","Eulipotyphla","fb_1007",-9.72817949099993,52.097357489,1,4.32,23.81,6.04,24,353.38,5
"sp_137","Eulipotyphla","fb_1027",0.271820509000072,52.097357489,1,4.32,23.81,6.04,24,353.38,5
"sp_137","Eulipotyphla","fb_1021",-2.72817949099993,52.097357489,1,4.32,23.81,6.04,24,353.38,5
"sp_137","Eulipotyphla","fb_1024",-1.22817949099993,52.097357489,1,4.32,23.81,6.04,24,353.38,5
"sp_137","Eulipotyphla","fb_1000",20.2718205090001,52.597357489,1,4.32,23.81,6.04,24,353.38,5
"sp_141","Cetartiodactyla","fb_1039",6.27182050900007,52.097357489,1,84471.54,115.2,4.52,252,350.76,5
"sp_141","Cetartiodactyla","fb_1038",5.77182050900007,52.097357489,1,84471.54,115.2,4.52,252,350.76,5
"sp_141","Cetartiodactyla","fb_1001",20.7718205090001,52.597357489,1,84471.54,115.2,4.52,252,350.76,5
"sp_141","Cetartiodactyla","fb_1002",21.2718205090001,52.597357489,1,84471.54,115.2,4.52,252,350.76,5
"sp_141","Cetartiodactyla","fb_1000",20.2718205090001,52.597357489,1,84471.54,115.2,4.52,252,350.76,5
"sp_144","Eulipotyphla","fb_1019",-3.72817949099993,52.097357489,1,87.53,30.41,3.89,84,335.48,1
"sp_144","Eulipotyphla","fb_1035",4.27182050900007,52.097357489,1,87.53,30.41,3.89,84,335.48,1
"sp_144","Eulipotyphla","fb_1002",21.2718205090001,52.597357489,1,87.53,30.41,3.89,84,335.48,1
"sp_144","Eulipotyphla","fb_1038",5.77182050900007,52.097357489,1,87.53,30.41,3.89,84,335.48,1
"sp_144","Eulipotyphla","fb_1025",-0.728179490999928,52.097357489,1,87.53,30.41,3.89,84,335.48,1
"sp_144","Eulipotyphla","fb_1022",-2.22817949099993,52.097357489,1,87.53,30.41,3.89,84,335.48,1
"sp_144","Eulipotyphla","fb_1023",-1.72817949099993,52.097357489,1,87.53,30.41,3.89,84,335.48,1
"sp_144","Eulipotyphla","fb_1036",4.77182050900007,52.097357489,1,87.53,30.41,3.89,84,335.48,1
"sp_144","Eulipotyphla","fb_1037",5.27182050900007,52.097357489,1,87.53,30.41,3.89,84,335.48,1
"sp_144","Eulipotyphla","fb_1039",6.27182050900007,52.097357489,1,87.53,30.41,3.89,84,335.48,1
"sp_144","Eulipotyphla","fb_1001",20.7718205090001,52.597357489,1,87.53,30.41,3.89,84,335.48,1
"sp_144","Eulipotyphla","fb_1017",-4.72817949099993,52.097357489,1,87.53,30.41,3.89,84,335.48,1
"sp_144","Eulipotyphla","fb_1024",-1.22817949099993,52.097357489,1,87.53,30.41,3.89,84,335.48,1
"sp_144","Eulipotyphla","fb_1028",0.771820509000072,52.097357489,1,87.53,30.41,3.89,84,335.48,1
"sp_144","Eulipotyphla","fb_1000",20.2718205090001,52.597357489,1,87.53,30.41,3.89,84,335.48,1
"sp_144","Eulipotyphla","fb_1026",-0.228179490999928,52.097357489,1,87.53,30.41,3.89,84,335.48,1
"sp_144","Eulipotyphla","fb_1029",1.27182050900007,52.097357489,1,87.53,30.41,3.89,84,335.48,1
"sp_144","Eulipotyphla","fb_1020",-3.22817949099993,52.097357489,1,87.53,30.41,3.89,84,335.48,1
"sp_144","Eulipotyphla","fb_1018",-4.22817949099993,52.097357489,1,87.53,30.41,3.89,84,335.48,1
"sp_144","Eulipotyphla","fb_1021",-2.72817949099993,52.097357489,1,87.53,30.41,3.89,84,335.48,1
"sp_144","Eulipotyphla","fb_1027",0.271820509000072,52.097357489,1,87.53,30.41,3.89,84,335.48,1
"sp_147","Carnivora","fb_102",6.77182050900007,59.097357489,1,196287.5,227.56,2.24,600,1327.95,6
"sp_147","Carnivora","fb_101",6.27182050900007,59.097357489,1,196287.5,227.56,2.24,600,1327.95,6
"sp_147","Carnivora","fb_104",7.77182050900007,59.097357489,1,196287.5,227.56,2.24,600,1327.95,6
"sp_147","Carnivora","fb_103",7.27182050900007,59.097357489,1,196287.5,227.56,2.24,600,1327.95,6
"sp_148","Chiroptera","fb_103",7.27182050900007,59.097357489,1,15.42,52.14,1.5,144,371.23,1
"sp_148","Chiroptera","fb_1036",4.77182050900007,52.097357489,1,15.42,52.14,1.5,144,371.23,1
"sp_148","Chiroptera","fb_102",6.77182050900007,59.097357489,1,15.42,52.14,1.5,144,371.23,1
"sp_148","Chiroptera","fb_101",6.27182050900007,59.097357489,1,15.42,52.14,1.5,144,371.23,1
"sp_148","Chiroptera","fb_1038",5.77182050900007,52.097357489,1,15.42,52.14,1.5,144,371.23,1
"sp_148","Chiroptera","fb_1000",20.2718205090001,52.597357489,1,15.42,52.14,1.5,144,371.23,1
"sp_148","Chiroptera","fb_1035",4.27182050900007,52.097357489,1,15.42,52.14,1.5,144,371.23,1
"sp_148","Chiroptera","fb_1001",20.7718205090001,52.597357489,1,15.42,52.14,1.5,144,371.23,1
"sp_148","Chiroptera","fb_1039",6.27182050900007,52.097357489,1,15.42,52.14,1.5,144,371.23,1
"sp_148","Chiroptera","fb_1002",21.2718205090001,52.597357489,1,15.42,52.14,1.5,144,371.23,1
"sp_148","Chiroptera","fb_104",7.77182050900007,59.097357489,1,15.42,52.14,1.5,144,371.23,1
"sp_148","Chiroptera","fb_1037",5.27182050900007,52.097357489,1,15.42,52.14,1.5,144,371.23,1
"sp_149","Carnivora","fb_1000",20.2718205090001,52.597357489,1,4820.36,52.5,4.59,180,321.07,1
"sp_149","Carnivora","fb_1036",4.77182050900007,52.097357489,1,4820.36,52.5,4.59,180,321.07,1
"sp_149","Carnivora","fb_1023",-1.72817949099993,52.097357489,1,4820.36,52.5,4.59,180,321.07,1
"sp_149","Carnivora","fb_1019",-3.72817949099993,52.097357489,1,4820.36,52.5,4.59,180,321.07,1
"sp_149","Carnivora","fb_1011",-7.72817949099993,52.097357489,1,4820.36,52.5,4.59,180,321.07,1
"sp_149","Carnivora","fb_1020",-3.22817949099993,52.097357489,1,4820.36,52.5,4.59,180,321.07,1
"sp_149","Carnivora","fb_1022",-2.22817949099993,52.097357489,1,4820.36,52.5,4.59,180,321.07,1
"sp_149","Carnivora","fb_1024",-1.22817949099993,52.097357489,1,4820.36,52.5,4.59,180,321.07,1
"sp_149","Carnivora","fb_1038",5.77182050900007,52.097357489,1,4820.36,52.5,4.59,180,321.07,1
"sp_149","Carnivora","fb_101",6.27182050900007,59.097357489,1,4820.36,52.5,4.59,180,321.07,1
"sp_149","Carnivora","fb_1018",-4.22817949099993,52.097357489,1,4820.36,52.5,4.59,180,321.07,1
"sp_149","Carnivora","fb_1035",4.27182050900007,52.097357489,1,4820.36,52.5,4.59,180,321.07,1
"sp_149","Carnivora","fb_1029",1.27182050900007,52.097357489,1,4820.36,52.5,4.59,180,321.07,1
"sp_149","Carnivora","fb_1008",-9.22817949099993,52.097357489,1,4820.36,52.5,4.59,180,321.07,1
"sp_149","Carnivora","fb_102",6.77182050900007,59.097357489,1,4820.36,52.5,4.59,180,321.07,1
"sp_149","Carnivora","fb_1021",-2.72817949099993,52.097357489,1,4820.36,52.5,4.59,180,321.07,1
"sp_149","Carnivora","fb_1009",-8.72817949099993,52.097357489,1,4820.36,52.5,4.59,180,321.07,1
"sp_149","Carnivora","fb_1025",-0.728179490999928,52.097357489,1,4820.36,52.5,4.59,180,321.07,1
"sp_149","Carnivora","fb_1007",-9.72817949099993,52.097357489,1,4820.36,52.5,4.59,180,321.07,1
"sp_149","Carnivora","fb_1028",0.771820509000072,52.097357489,1,4820.36,52.5,4.59,180,321.07,1
"sp_149","Carnivora","fb_1039",6.27182050900007,52.097357489,1,4820.36,52.5,4.59,180,321.07,1
"sp_149","Carnivora","fb_104",7.77182050900007,59.097357489,1,4820.36,52.5,4.59,180,321.07,1
"sp_149","Carnivora","fb_1001",20.7718205090001,52.597357489,1,4820.36,52.5,4.59,180,321.07,1
"sp_149","Carnivora","fb_1027",0.271820509000072,52.097357489,1,4820.36,52.5,4.59,180,321.07,1
"sp_149","Carnivora","fb_1037",5.27182050900007,52.097357489,1,4820.36,52.5,4.59,180,321.07,1
"sp_149","Carnivora","fb_1026",-0.228179490999928,52.097357489,1,4820.36,52.5,4.59,180,321.07,1
"sp_149","Carnivora","fb_103",7.27182050900007,59.097357489,1,4820.36,52.5,4.59,180,321.07,1
"sp_149","Carnivora","fb_1010",-8.22817949099993,52.097357489,1,4820.36,52.5,4.59,180,321.07,1
"sp_149","Carnivora","fb_1017",-4.72817949099993,52.097357489,1,4820.36,52.5,4.59,180,321.07,1
"sp_149","Carnivora","fb_1002",21.2718205090001,52.597357489,1,4820.36,52.5,4.59,180,321.07,1
